num_clients,degree,update_len,threshold,num_dropouts,dropout_pct,iteration,setup_us,phase1_mask_us,phase2_cc_value_us,phase3_cc_verify_us,phase4_shares_us,phase5_final_verif_us,total_node_us
50,34,1024,18,0,0.0,1,107.800,624.301,64.800,945.111,2819.663,205.260,4659.135
50,34,1024,18,0,0.0,2,0.000,588.571,58.090,948.461,2792.022,202.491,4589.635
50,34,1024,18,0,0.0,3,0.000,580.851,58.270,944.351,2873.993,200.310,4657.775
50,34,1024,18,0,0.0,4,0.000,625.751,59.260,946.921,2739.693,225.930,4597.555
50,34,1024,18,0,0.0,5,0.000,600.250,59.510,941.741,2800.583,202.310,4604.394
50,34,1024,18,0,0.0,6,0.000,580.990,56.480,944.731,2793.843,208.250,4584.294
50,34,1024,18,0,0.0,7,0.000,627.751,59.180,944.731,2778.632,204.190,4614.484
50,34,1024,18,0,0.0,8,0.000,576.651,58.240,946.081,2777.502,199.910,4558.384
50,34,1024,18,0,0.0,9,0.000,580.491,57.610,949.380,2799.313,199.450,4586.244
50,34,1024,18,0,0.0,10,0.000,574.661,58.880,993.371,2736.703,200.250,4563.865
50,34,1024,18,0,0.0,11,0.000,574.860,58.750,947.841,2793.663,203.710,4578.824
50,34,1024,18,0,0.0,12,0.000,579.191,57.420,945.451,2783.312,198.821,4564.195
50,34,1024,18,0,0.0,13,0.000,594.481,59.510,943.661,2772.182,208.011,4577.845
50,34,1024,18,0,0.0,14,0.000,587.630,107.860,944.041,2739.963,199.100,4578.594
50,34,1024,18,0,0.0,15,0.000,583.201,59.810,947.101,2783.172,202.351,4575.635
50,34,1024,18,0,0.0,16,0.000,589.780,57.391,946.250,2781.113,199.860,4574.394
50,34,1024,18,0,0.0,17,0.000,583.680,56.510,949.091,2785.613,202.580,4577.474
50,34,1024,18,0,0.0,18,0.000,585.770,60.230,945.181,2787.213,204.990,4583.384
50,34,1024,18,0,0.0,19,0.000,576.971,56.640,999.441,2745.362,201.150,4579.564
50,34,1024,18,0,0.0,20,0.000,574.941,60.290,945.151,2784.713,200.280,4565.375
50,34,1024,18,0,0.0,21,0.000,591.620,58.210,998.261,2740.383,200.240,4588.714
50,34,1024,18,0,0.0,22,0.000,587.390,59.440,950.361,2836.673,200.700,4634.564
50,34,1024,18,0,0.0,23,0.000,578.160,59.080,947.891,2784.703,200.880,4570.714
50,34,1024,18,0,0.0,24,0.000,580.020,59.710,945.931,2787.363,200.150,4573.174
50,34,1024,18,0,0.0,25,0.000,588.761,56.400,943.631,2787.543,204.510,4580.845
50,34,1024,18,0,0.0,26,0.000,588.071,58.910,949.801,2795.953,200.330,4593.065
50,34,1024,18,0,0.0,27,0.000,581.781,59.620,948.751,2780.682,201.551,4572.385
50,34,1024,18,0,0.0,28,0.000,597.721,57.940,940.501,2777.182,203.630,4576.974
50,34,1024,18,0,0.0,29,0.000,578.931,58.350,947.351,2771.072,202.870,4558.574
50,34,1024,18,0,0.0,30,0.000,580.681,60.200,945.550,2783.873,199.320,4569.624
100,40,1024,21,0,0.0,1,91.331,588.470,58.070,945.041,3343.673,202.491,5137.745
100,40,1024,21,0,0.0,2,0.000,632.311,59.720,945.381,3248.993,205.490,5091.895
100,40,1024,21,0,0.0,3,0.000,579.640,56.440,1001.421,3257.493,203.341,5098.335
100,40,1024,21,0,0.0,4,0.000,580.500,58.830,945.881,3253.873,202.630,5041.714
100,40,1024,21,0,0.0,5,0.000,742.140,63.950,942.861,3240.103,204.491,5193.545
100,40,1024,21,0,0.0,6,0.000,584.590,57.560,995.601,3223.223,203.901,5064.875
100,40,1024,21,0,0.0,7,0.000,584.261,58.190,947.581,3258.753,199.630,5048.415
100,40,1024,21,0,0.0,8,0.000,625.281,57.390,947.131,3250.643,203.200,5083.645
100,40,1024,21,0,0.0,9,0.000,591.371,56.490,995.771,3208.423,206.550,5058.605
100,40,1024,21,0,0.0,10,0.000,588.680,55.510,949.251,3256.533,199.901,5049.875
100,40,1024,21,0,0.0,11,0.000,587.661,59.410,948.631,3242.073,201.850,5039.625
100,40,1024,21,0,0.0,12,0.000,584.491,56.300,944.031,3260.453,204.400,5049.675
100,40,1024,21,0,0.0,13,0.000,622.291,62.280,944.611,3231.843,204.390,5065.415
100,40,1024,21,0,0.0,14,0.000,581.370,59.060,945.241,3251.163,204.311,5041.145
100,40,1024,21,0,0.0,15,0.000,576.211,55.990,996.301,3215.633,203.560,5047.695
100,40,1024,21,0,0.0,16,0.000,582.371,54.980,946.931,3258.643,201.210,5044.135
100,40,1024,21,0,0.0,17,0.000,625.740,57.811,942.870,3257.624,204.350,5088.395
100,40,1024,21,0,0.0,18,0.000,577.591,58.490,944.701,3263.333,200.050,5044.165
100,40,1024,21,0,0.0,19,0.000,588.181,59.640,945.991,3258.233,198.140,5050.185
100,40,1024,21,0,0.0,20,0.000,583.271,58.100,995.631,3213.393,203.970,5054.365
100,40,1024,21,0,0.0,21,0.000,584.531,58.670,940.730,3252.894,202.730,5039.555
100,40,1024,21,0,0.0,22,0.000,572.811,56.960,993.891,3220.183,201.580,5045.425
100,40,1024,21,0,0.0,23,0.000,578.530,57.951,945.400,3259.304,206.080,5047.265
100,40,1024,21,0,0.0,24,0.000,569.411,56.040,1077.451,3216.213,220.140,5139.255
100,40,1024,21,0,0.0,25,0.000,587.160,56.150,949.051,3260.473,202.911,5055.745
100,40,1024,21,0,0.0,26,0.000,647.560,61.080,941.001,3239.573,206.671,5095.885
100,40,1024,21,0,0.0,27,0.000,572.761,58.430,992.341,3224.643,203.280,5051.455
100,40,1024,21,0,0.0,28,0.000,583.561,59.810,945.221,3262.763,199.200,5050.555
100,40,1024,21,0,0.0,29,0.000,581.741,57.500,945.641,3258.193,203.060,5046.135
100,40,1024,21,0,0.0,30,0.000,569.031,56.730,947.151,3261.883,203.000,5037.795
150,44,1024,23,0,0.0,1,89.270,630.831,59.270,944.271,3577.293,202.871,5414.536
150,44,1024,23,0,0.0,2,0.000,584.671,57.160,942.681,3577.673,206.140,5368.325
150,44,1024,23,0,0.0,3,0.000,579.461,58.460,947.771,3572.093,204.441,5362.226
150,44,1024,23,0,0.0,4,0.000,661.360,58.830,939.451,3561.484,206.690,5427.815
150,44,1024,23,0,0.0,5,0.000,588.700,56.670,944.701,3586.164,205.560,5381.795
150,44,1024,23,0,0.0,6,0.000,572.530,57.020,944.411,3574.733,197.851,5346.545
150,44,1024,23,0,0.0,7,0.000,617.280,61.461,947.150,3554.914,206.790,5387.595
150,44,1024,23,0,0.0,8,0.000,573.061,58.440,944.651,3580.503,202.200,5358.855
150,44,1024,23,0,0.0,9,0.000,576.080,58.041,940.370,3560.614,202.330,5337.435
150,44,1024,23,0,0.0,10,0.000,569.921,56.390,995.681,3528.483,199.920,5350.395
150,44,1024,23,0,0.0,11,0.000,631.580,57.150,945.021,3565.474,200.360,5399.585
150,44,1024,23,0,0.0,12,0.000,590.801,57.330,945.431,3558.213,203.130,5354.905
150,44,1024,23,0,0.0,13,0.000,585.061,57.890,945.521,3570.113,204.110,5362.695
150,44,1024,23,0,0.0,14,0.000,568.681,57.600,1000.261,3539.393,212.631,5378.566
150,44,1024,23,0,0.0,15,0.000,582.681,58.350,944.341,3575.403,198.610,5359.385
150,44,1024,23,0,0.0,16,0.000,618.020,56.210,943.221,3567.694,202.680,5387.825
150,44,1024,23,0,0.0,17,0.000,585.700,56.000,943.921,3585.324,199.580,5370.525
150,44,1024,23,0,0.0,18,0.000,582.610,56.340,943.671,3666.824,204.820,5454.265
150,44,1024,23,0,0.0,19,0.000,574.321,56.550,989.351,3529.953,202.520,5352.695
150,44,1024,23,0,0.0,20,0.000,585.701,56.720,941.231,3568.443,199.820,5351.915
150,44,1024,23,0,0.0,21,0.000,583.590,55.250,1018.171,3533.524,199.760,5390.295
150,44,1024,23,0,0.0,22,0.000,583.450,58.510,943.251,3589.344,205.440,5379.995
150,44,1024,23,0,0.0,23,0.000,620.510,57.780,942.051,3567.884,202.430,5390.655
150,44,1024,23,0,0.0,24,0.000,571.000,58.290,944.451,3578.014,202.770,5354.525
150,44,1024,23,0,0.0,25,0.000,619.621,58.650,942.271,3562.593,203.600,5386.735
150,44,1024,23,0,0.0,26,0.000,589.751,59.210,944.891,3584.483,202.311,5380.646
150,44,1024,23,0,0.0,27,0.000,578.591,58.880,943.801,3570.843,199.750,5351.865
150,44,1024,23,0,0.0,28,0.000,619.480,58.111,945.150,3568.814,202.750,5394.305
150,44,1024,23,0,0.0,29,0.000,594.061,57.970,940.691,3566.953,203.550,5363.225
150,44,1024,23,0,0.0,30,0.000,586.030,57.450,943.061,3575.694,203.280,5365.515
200,46,1024,24,0,0.0,1,91.280,574.821,55.220,944.851,3751.883,202.851,5529.626
200,46,1024,24,0,0.0,2,0.000,572.981,59.030,940.911,3738.583,206.240,5517.745
200,46,1024,24,0,0.0,3,0.000,609.741,57.990,946.991,3724.764,202.750,5542.236
200,46,1024,24,0,0.0,4,0.000,577.920,57.860,945.851,3739.034,203.610,5524.275
200,46,1024,24,0,0.0,5,0.000,585.170,59.140,942.891,3732.544,206.920,5526.665
200,46,1024,24,0,0.0,6,0.000,582.241,57.000,990.711,3712.634,203.950,5546.536
200,46,1024,24,0,0.0,7,0.000,584.130,58.561,937.490,3738.294,204.270,5522.745
200,46,1024,24,0,0.0,8,0.000,583.491,57.580,945.551,3734.123,203.991,5524.736
200,46,1024,24,0,0.0,9,0.000,581.760,56.260,1007.271,3703.134,202.840,5551.265
200,46,1024,24,0,0.0,10,0.000,569.501,60.100,943.471,3739.333,199.871,5512.276
200,46,1024,24,0,0.0,11,0.000,582.350,56.450,943.921,3739.874,205.140,5527.735
200,46,1024,24,0,0.0,12,0.000,573.211,56.780,995.001,3783.113,201.400,5609.505
200,46,1024,24,0,0.0,13,0.000,630.231,57.500,944.401,3713.403,201.290,5546.825
200,46,1024,24,0,0.0,14,0.000,581.190,56.000,943.341,3945.294,204.360,5730.185
200,46,1024,24,0,0.0,15,0.000,588.051,58.470,990.411,3711.423,203.950,5552.305
200,46,1024,24,0,0.0,16,0.000,593.411,58.880,945.910,3748.724,202.740,5549.665
200,46,1024,24,0,0.0,17,0.000,623.781,56.770,944.501,3891.244,202.080,5718.376
200,46,1024,24,0,0.0,18,0.000,584.000,57.910,997.541,3719.524,218.800,5577.775
200,46,1024,24,0,0.0,19,0.000,578.811,55.910,944.931,3727.273,197.260,5504.185
200,46,1024,24,0,0.0,20,0.000,586.921,57.910,1000.631,3710.263,201.240,5556.965
200,46,1024,24,0,0.0,21,0.000,578.600,56.680,942.491,3723.454,202.330,5503.555
200,46,1024,24,0,0.0,22,0.000,586.320,57.540,1003.731,3826.384,208.320,5682.295
200,46,1024,24,0,0.0,23,0.000,582.780,56.460,944.121,3733.524,199.700,5516.585
200,46,1024,24,0,0.0,24,0.000,626.100,58.120,944.931,3729.004,205.230,5563.385
200,46,1024,24,0,0.0,25,0.000,577.161,56.700,945.131,3739.913,202.711,5521.616
200,46,1024,24,0,0.0,26,0.000,586.351,57.560,943.011,3747.954,342.960,5677.836
200,46,1024,24,0,0.0,27,0.000,640.611,59.290,944.151,3721.833,202.121,5568.006
200,46,1024,24,0,0.0,28,0.000,586.360,55.331,944.240,3736.754,204.490,5527.175
200,46,1024,24,0,0.0,29,0.000,585.990,56.041,989.140,3819.714,208.060,5658.945
200,46,1024,24,0,0.0,30,0.000,579.750,57.410,991.651,3703.094,203.400,5535.305
250,48,1024,25,0,0.0,1,94.061,607.400,60.811,1201.841,4477.224,208.900,6556.176
250,48,1024,25,0,0.0,2,0.000,588.581,59.950,984.281,3856.204,208.960,5697.976
250,48,1024,25,0,0.0,3,0.000,582.680,57.210,944.961,4044.514,307.980,5937.345
250,48,1024,25,0,0.0,4,0.000,732.041,57.480,940.751,3978.503,203.611,5912.386
250,48,1024,25,0,0.0,5,0.000,584.650,57.900,1097.171,3863.124,203.180,5806.025
250,48,1024,25,0,0.0,6,0.000,591.000,58.620,938.481,3903.294,204.010,5695.405
250,48,1024,25,0,0.0,7,0.000,583.041,55.090,944.281,4130.924,203.040,5916.376
250,48,1024,25,0,0.0,8,0.000,596.660,59.780,1163.161,3864.814,204.830,5889.245
250,48,1024,25,0,0.0,9,0.000,565.801,55.400,949.491,3885.433,202.180,5658.305
250,48,1024,25,0,0.0,10,0.000,647.080,58.010,941.201,3997.114,208.650,5852.055
250,48,1024,25,0,0.0,11,0.000,583.390,57.800,940.521,3974.064,199.070,5754.845
250,48,1024,25,0,0.0,12,0.000,591.580,58.480,938.741,3987.124,203.970,5779.895
250,48,1024,25,0,0.0,13,0.000,735.711,59.100,1073.591,3852.054,199.950,5920.406
250,48,1024,25,0,0.0,14,0.000,593.940,58.661,944.400,3872.094,202.660,5671.755
250,48,1024,25,0,0.0,15,0.000,583.441,57.570,1102.001,3980.304,202.050,5925.366
250,48,1024,25,0,0.0,16,0.000,587.551,56.950,945.901,4131.304,202.200,5923.906
250,48,1024,25,0,0.0,17,0.000,589.340,59.340,994.371,3861.114,205.970,5710.135
250,48,1024,25,0,0.0,18,0.000,576.721,57.750,942.991,4056.913,202.191,5836.566
250,48,1024,25,0,0.0,19,0.000,618.031,61.260,945.211,4017.604,203.380,5845.486
250,48,1024,25,0,0.0,20,0.000,600.961,58.720,941.291,3897.204,206.870,5705.046
250,48,1024,25,0,0.0,21,0.000,580.850,106.910,942.691,3877.784,201.950,5710.185
250,48,1024,25,0,0.0,22,0.000,579.001,56.840,947.951,4040.173,205.151,5829.116
250,48,1024,25,0,0.0,23,0.000,595.460,58.570,942.201,3985.274,199.910,5781.415
250,48,1024,25,0,0.0,24,0.000,581.971,57.310,946.370,4021.444,204.441,5811.536
250,48,1024,25,0,0.0,25,0.000,578.301,55.710,944.591,3889.024,200.560,5668.186
250,48,1024,25,0,0.0,26,0.000,592.860,117.131,940.390,3862.714,203.320,5716.415
250,48,1024,25,0,0.0,27,0.000,585.660,55.470,948.311,4037.184,307.830,5934.455
250,48,1024,25,0,0.0,28,0.000,580.811,56.840,948.371,4043.864,201.240,5831.126
250,48,1024,25,0,0.0,29,0.000,584.961,57.750,946.231,3896.814,200.470,5686.226
250,48,1024,25,0,0.0,30,0.000,576.590,56.001,945.800,4029.484,200.380,5808.255
300,50,1024,26,0,0.0,1,94.920,813.230,62.771,1001.450,4092.824,208.531,6178.806
300,50,1024,26,0,0.0,2,0.000,574.730,58.870,938.551,4054.744,202.960,5829.855
300,50,1024,26,0,0.0,3,0.000,575.851,59.130,943.521,4044.644,199.370,5822.516
300,50,1024,26,0,0.0,4,0.000,721.561,59.610,937.381,4042.524,202.740,5963.816
300,50,1024,26,0,0.0,5,0.000,577.561,55.130,939.741,4045.934,200.150,5818.516
300,50,1024,26,0,0.0,6,0.000,589.351,59.570,937.601,4038.694,197.220,5822.436
300,50,1024,26,0,0.0,7,0.000,636.380,62.380,943.651,4048.354,202.950,5893.715
300,50,1024,26,0,0.0,8,0.000,583.281,57.780,944.131,4068.063,203.741,5856.996
300,50,1024,26,0,0.0,9,0.000,600.720,59.900,939.241,4026.224,206.430,5832.515
300,50,1024,26,0,0.0,10,0.000,597.381,59.290,987.501,4014.423,201.811,5860.406
300,50,1024,26,0,0.0,11,0.000,632.171,59.050,940.341,4028.784,203.090,5863.436
300,50,1024,26,0,0.0,12,0.000,578.451,56.770,943.531,4053.973,201.491,5834.216
300,50,1024,26,0,0.0,13,0.000,581.720,58.430,941.191,4049.094,196.960,5827.395
300,50,1024,26,0,0.0,14,0.000,577.111,57.070,1055.861,4066.244,209.250,5965.536
300,50,1024,26,0,0.0,15,0.000,588.740,58.140,943.161,4071.904,199.640,5861.585
300,50,1024,26,0,0.0,16,0.000,620.690,59.290,940.791,4039.354,206.850,5866.975
300,50,1024,26,0,0.0,17,0.000,572.461,58.380,940.641,4060.494,199.170,5831.146
300,50,1024,26,0,0.0,18,0.000,594.350,59.840,941.191,4039.494,207.770,5842.645
300,50,1024,26,0,0.0,19,0.000,593.280,59.300,940.461,4185.204,202.690,5980.935
300,50,1024,26,0,0.0,20,0.000,576.730,57.870,943.031,4054.784,206.150,5838.565
300,50,1024,26,0,0.0,21,0.000,597.511,60.700,938.701,4065.444,205.250,5867.606
300,50,1024,26,0,0.0,22,0.000,586.010,60.120,937.391,4042.184,199.690,5825.395
300,50,1024,26,0,0.0,23,0.000,625.511,59.390,942.651,4039.084,200.500,5867.136
300,50,1024,26,0,0.0,24,0.000,589.320,57.200,944.161,4054.104,201.080,5845.865
300,50,1024,26,0,0.0,25,0.000,749.001,60.200,936.051,4023.303,205.151,5973.706
300,50,1024,26,0,0.0,26,0.000,577.981,58.010,940.921,4060.164,199.130,5836.206
300,50,1024,26,0,0.0,27,0.000,577.001,58.690,940.041,4134.804,200.540,5911.076
300,50,1024,26,0,0.0,28,0.000,600.180,58.430,938.931,4025.604,203.910,5827.055
300,50,1024,26,0,0.0,29,0.000,665.251,60.090,938.081,4018.673,206.481,5888.576
300,50,1024,26,0,0.0,30,0.000,585.270,58.930,939.041,4033.864,202.460,5819.565
350,51,1024,26,0,0.0,1,91.930,584.460,57.570,942.821,4192.684,201.910,5979.445
350,51,1024,26,0,0.0,2,0.000,592.891,59.070,935.761,4121.324,205.040,5914.086
350,51,1024,26,0,0.0,3,0.000,579.800,57.610,940.901,4131.144,205.560,5915.015
350,51,1024,26,0,0.0,4,0.000,578.850,57.931,990.600,4112.124,202.251,5941.756
350,51,1024,26,0,0.0,5,0.000,580.051,57.620,940.471,4117.304,204.070,5899.516
350,51,1024,26,0,0.0,6,0.000,661.910,58.680,938.021,4129.444,202.040,5990.095
350,51,1024,26,0,0.0,7,0.000,582.361,58.280,980.881,4099.664,205.040,5926.226
350,51,1024,26,0,0.0,8,0.000,583.870,58.190,940.921,4131.234,204.770,5918.985
350,51,1024,26,0,0.0,9,0.000,622.290,56.521,937.830,4123.234,206.211,5946.086
350,51,1024,26,0,0.0,10,0.000,583.330,55.260,943.261,4118.464,204.710,5905.025
350,51,1024,26,0,0.0,11,0.000,585.550,58.810,990.861,4093.964,203.030,5932.215
350,51,1024,26,0,0.0,12,0.000,610.831,57.350,939.631,4106.634,200.760,5915.206
350,51,1024,26,0,0.0,13,0.000,584.481,56.560,940.451,4137.373,200.961,5919.826
350,51,1024,26,0,0.0,14,0.000,585.910,56.630,943.011,4130.054,200.260,5915.865
350,51,1024,26,0,0.0,15,0.000,618.001,59.150,939.551,4125.454,205.710,5947.866
350,51,1024,26,0,0.0,16,0.000,582.581,56.370,995.361,4098.314,202.920,5935.546
350,51,1024,26,0,0.0,17,0.000,592.710,57.860,939.211,4225.944,204.370,6020.095
350,51,1024,26,0,0.0,18,0.000,579.271,58.430,993.801,4111.444,203.310,5946.256
350,51,1024,26,0,0.0,19,0.000,574.121,57.780,941.311,4129.064,202.860,5905.136
350,51,1024,26,0,0.0,20,0.000,625.881,57.250,936.531,4123.754,198.550,5941.966
350,51,1024,26,0,0.0,21,0.000,581.800,56.170,942.221,4131.164,201.240,5912.595
350,51,1024,26,0,0.0,22,0.000,620.380,57.181,936.930,4121.364,203.671,5939.526
350,51,1024,26,0,0.0,23,0.000,581.020,57.700,1097.161,4113.024,205.511,6054.416
350,51,1024,26,0,0.0,24,0.000,595.091,57.910,944.621,4122.383,201.061,5921.066
350,51,1024,26,0,0.0,25,0.000,595.240,57.830,991.151,4095.924,203.620,5943.765
350,51,1024,26,0,0.0,26,0.000,584.550,56.820,939.671,4130.314,197.830,5909.185
350,51,1024,26,0,0.0,27,0.000,590.330,57.500,942.561,4134.074,203.620,5928.085
350,51,1024,26,0,0.0,28,0.000,585.311,56.780,989.801,4108.004,205.010,5944.906
350,51,1024,26,0,0.0,29,0.000,622.021,59.750,942.121,4129.594,201.750,5955.236
350,51,1024,26,0,0.0,30,0.000,587.700,58.041,997.990,4106.374,204.351,5954.456
400,52,1024,27,0,0.0,1,100.800,589.681,57.660,943.371,4216.464,202.010,6009.186
400,52,1024,27,0,0.0,2,0.000,623.441,59.430,942.520,4205.355,206.050,6036.796
400,52,1024,27,0,0.0,3,0.000,575.351,58.760,995.371,4193.504,201.120,6024.106
400,52,1024,27,0,0.0,4,0.000,584.021,57.680,939.731,4241.664,199.040,6022.136
400,52,1024,27,0,0.0,5,0.000,637.311,59.080,937.381,4180.594,202.260,6016.626
400,52,1024,27,0,0.0,6,0.000,580.131,57.260,978.231,4185.794,202.970,6004.386
400,52,1024,27,0,0.0,7,0.000,584.570,57.370,941.901,4217.844,203.530,6005.215
400,52,1024,27,0,0.0,8,0.000,587.361,55.910,938.961,4214.104,204.440,6000.776
400,52,1024,27,0,0.0,9,0.000,586.641,56.420,985.651,4174.954,203.560,6007.226
400,52,1024,27,0,0.0,10,0.000,577.311,56.880,940.731,4204.364,201.920,5981.206
400,52,1024,27,0,0.0,11,0.000,582.971,55.610,940.601,4204.114,204.820,5988.116
400,52,1024,27,0,0.0,12,0.000,587.280,57.291,986.180,4179.374,204.011,6014.136
400,52,1024,27,0,0.0,13,0.000,586.680,56.750,997.041,4176.664,202.830,6019.965
400,52,1024,27,0,0.0,14,0.000,579.501,56.580,943.631,4210.184,199.090,5988.986
400,52,1024,27,0,0.0,15,0.000,580.890,56.150,989.601,4180.294,206.501,6013.436
400,52,1024,27,0,0.0,16,0.000,586.830,56.740,942.451,4214.194,201.720,6001.935
400,52,1024,27,0,0.0,17,0.000,628.241,59.040,943.711,4283.524,206.640,6121.156
400,52,1024,27,0,0.0,18,0.000,580.850,58.070,942.321,4204.634,240.290,6026.165
400,52,1024,27,0,0.0,19,0.000,583.740,59.330,938.601,4219.684,203.391,6004.746
400,52,1024,27,0,0.0,20,0.000,585.580,55.200,989.501,4180.194,203.740,6014.215
400,52,1024,27,0,0.0,21,0.000,592.721,59.660,939.611,4197.134,205.770,5994.896
400,52,1024,27,0,0.0,22,0.000,586.051,58.130,992.841,4178.904,202.890,6018.816
400,52,1024,27,0,0.0,23,0.000,582.101,55.920,946.961,4221.924,202.550,6009.456
400,52,1024,27,0,0.0,24,0.000,589.640,57.620,998.571,4179.864,206.200,6031.895
400,52,1024,27,0,0.0,25,0.000,571.131,56.980,939.171,4213.754,202.560,5983.596
400,52,1024,27,0,0.0,26,0.000,590.451,57.870,939.741,4196.534,200.020,5984.616
400,52,1024,27,0,0.0,27,0.000,588.631,57.810,997.311,4212.364,202.320,6058.436
400,52,1024,27,0,0.0,28,0.000,588.040,58.060,939.141,4211.194,204.110,6000.545
400,52,1024,27,0,0.0,29,0.000,578.260,57.161,988.220,4185.515,202.980,6012.136
400,52,1024,27,0,0.0,30,0.000,576.811,56.980,940.661,4227.324,206.760,6008.536
450,53,1024,27,0,0.0,1,89.010,641.210,56.700,938.031,4281.724,204.871,6122.536
450,53,1024,27,0,0.0,2,0.000,579.710,56.230,976.721,4266.124,206.880,6085.665
450,53,1024,27,0,0.0,3,0.000,584.150,57.870,937.691,4299.004,201.071,6079.786
450,53,1024,27,0,0.0,4,0.000,587.211,59.640,938.861,4285.094,196.960,6067.766
450,53,1024,27,0,0.0,5,0.000,580.410,58.010,982.761,4265.534,200.131,6086.846
450,53,1024,27,0,0.0,6,0.000,579.440,57.980,939.921,4297.734,198.371,6073.446
450,53,1024,27,0,0.0,7,0.000,592.861,58.110,938.891,4281.544,200.380,6071.786
450,53,1024,27,0,0.0,8,0.000,592.700,57.910,992.381,4262.614,201.340,6106.945
450,53,1024,27,0,0.0,9,0.000,582.951,57.700,939.631,4283.854,203.870,6068.006
450,53,1024,27,0,0.0,10,0.000,575.290,102.300,944.931,4287.814,205.751,6116.086
450,53,1024,27,0,0.0,11,0.000,582.400,57.960,943.291,4370.035,201.780,6155.466
450,53,1024,27,0,0.0,12,0.000,583.871,57.090,941.711,4276.704,197.870,6057.246
450,53,1024,27,0,0.0,13,0.000,581.291,56.290,939.031,4383.664,207.040,6167.316
450,53,1024,27,0,0.0,14,0.000,594.250,59.041,939.220,4270.285,204.580,6067.376
450,53,1024,27,0,0.0,15,0.000,591.361,58.430,939.691,4317.854,203.240,6110.576
450,53,1024,27,0,0.0,16,0.000,582.651,56.280,942.811,4285.204,196.500,6063.446
450,53,1024,27,0,0.0,17,0.000,586.820,57.010,987.031,4262.645,200.900,6094.406
450,53,1024,27,0,0.0,18,0.000,585.441,57.790,942.241,4276.764,202.640,6064.876
450,53,1024,27,0,0.0,19,0.000,628.361,60.650,939.411,4304.214,207.680,6140.316
450,53,1024,27,0,0.0,20,0.000,583.901,55.850,940.721,4283.124,202.230,6065.826
450,53,1024,27,0,0.0,21,0.000,585.801,105.210,944.191,4281.364,206.130,6122.696
450,53,1024,27,0,0.0,22,0.000,576.891,57.760,941.720,4287.845,201.750,6065.966
450,53,1024,27,0,0.0,23,0.000,586.401,56.630,943.811,4290.874,195.270,6072.986
450,53,1024,27,0,0.0,24,0.000,576.011,58.120,944.531,4307.324,209.070,6095.056
450,53,1024,27,0,0.0,25,0.000,581.730,58.520,940.721,4288.084,195.831,6064.886
450,53,1024,27,0,0.0,26,0.000,586.840,56.260,994.121,4267.304,207.191,6111.716
450,53,1024,27,0,0.0,27,0.000,585.920,57.230,941.691,4301.264,200.431,6086.536
450,53,1024,27,0,0.0,28,0.000,572.411,59.830,936.391,4278.834,200.850,6048.316
450,53,1024,27,0,0.0,29,0.000,575.540,58.010,941.261,4295.074,199.160,6069.045
450,53,1024,27,0,0.0,30,0.000,568.511,57.240,940.761,4311.234,207.220,6084.966
500,54,1024,28,0,0.0,1,95.650,582.871,55.170,987.031,4346.084,205.700,6176.856
500,54,1024,28,0,0.0,2,0.000,580.691,56.480,942.871,4379.664,230.950,6190.656
500,54,1024,28,0,0.0,3,0.000,571.701,57.580,938.421,4370.264,202.080,6140.046
500,54,1024,28,0,0.0,4,0.000,581.110,57.841,940.050,4370.895,205.650,6155.546
500,54,1024,28,0,0.0,5,0.000,574.631,56.760,940.391,4383.934,203.420,6159.136
500,54,1024,28,0,0.0,6,0.000,583.301,58.370,939.171,4461.274,199.100,6241.216
500,54,1024,28,0,0.0,7,0.000,726.581,59.130,937.451,4354.844,205.660,6283.666
500,54,1024,28,0,0.0,8,0.000,585.651,57.150,938.991,4382.304,203.780,6167.876
500,54,1024,28,0,0.0,9,0.000,581.231,60.450,939.821,4363.084,200.910,6145.496
500,54,1024,28,0,0.0,10,0.000,582.961,56.880,986.001,4355.814,203.490,6185.146
500,54,1024,28,0,0.0,11,0.000,637.500,58.900,939.451,4362.144,204.480,6202.475
500,54,1024,28,0,0.0,12,0.000,584.271,58.640,940.431,4360.624,204.420,6148.386
500,54,1024,28,0,0.0,13,0.000,590.681,58.420,940.140,4361.845,203.190,6154.276
500,54,1024,28,0,0.0,14,0.000,588.830,56.740,982.721,4348.474,204.891,6181.656
500,54,1024,28,0,0.0,15,0.000,584.761,57.810,943.501,4374.074,201.110,6161.256
500,54,1024,28,0,0.0,16,0.000,587.691,57.020,941.201,4363.344,203.820,6153.076
500,54,1024,28,0,0.0,17,0.000,576.930,57.550,941.951,4394.224,211.901,6182.556
500,54,1024,28,0,0.0,18,0.000,573.880,57.070,940.221,4373.134,206.301,6150.606
500,54,1024,28,0,0.0,19,0.000,576.361,56.550,986.471,4390.704,203.470,6213.556
500,54,1024,28,0,0.0,20,0.000,581.761,57.080,938.401,4371.764,200.510,6149.516
500,54,1024,28,0,0.0,21,0.000,581.960,58.340,977.901,4348.534,203.971,6170.706
500,54,1024,28,0,0.0,22,0.000,581.720,58.640,940.061,4365.044,205.270,6150.735
500,54,1024,28,0,0.0,23,0.000,625.060,58.480,940.401,4381.964,204.561,6210.466
500,54,1024,28,0,0.0,24,0.000,580.110,57.870,941.171,4369.254,202.461,6150.866
500,54,1024,28,0,0.0,25,0.000,640.831,59.040,939.211,4363.224,207.550,6209.856
500,54,1024,28,0,0.0,26,0.000,573.101,57.870,943.731,4390.864,202.950,6168.516
500,54,1024,28,0,0.0,27,0.000,567.440,57.600,941.551,4372.704,200.040,6139.335
500,54,1024,28,0,0.0,28,0.000,594.901,59.260,937.811,4352.464,201.380,6145.816
500,54,1024,28,0,0.0,29,0.000,570.221,56.590,939.791,4376.444,203.120,6146.166
500,54,1024,28,0,0.0,30,0.000,597.170,59.590,937.911,4366.404,203.451,6164.526
550,55,1024,28,0,0.0,1,90.080,606.811,57.780,1070.441,4575.274,222.851,6533.157
550,55,1024,28,0,0.0,2,0.000,577.881,57.350,945.071,4440.764,204.870,6225.936
550,55,1024,28,0,0.0,3,0.000,579.301,58.000,934.311,4449.884,197.470,6218.966
550,55,1024,28,0,0.0,4,0.000,578.200,58.030,999.321,4456.834,202.211,6294.596
550,55,1024,28,0,0.0,5,0.000,583.821,59.100,939.431,4469.344,201.250,6252.946
550,55,1024,28,0,0.0,6,0.000,573.501,58.840,944.801,4458.784,203.600,6239.526
550,55,1024,28,0,0.0,7,0.000,583.981,57.520,993.151,4449.744,205.050,6289.446
550,55,1024,28,0,0.0,8,0.000,583.621,57.620,942.401,4444.044,205.430,6233.116
550,55,1024,28,0,0.0,9,0.000,583.360,57.410,940.041,4448.684,206.301,6235.796
550,55,1024,28,0,0.0,10,0.000,577.801,56.650,938.691,4448.354,214.670,6236.166
550,55,1024,28,0,0.0,11,0.000,572.901,54.810,997.881,4411.564,201.150,6238.306
550,55,1024,28,0,0.0,12,0.000,626.200,59.090,937.871,4440.045,200.440,6263.646
550,55,1024,28,0,0.0,13,0.000,575.670,58.280,939.331,4447.425,206.800,6227.506
550,55,1024,28,0,0.0,14,0.000,588.781,56.590,982.561,4421.894,205.810,6255.636
550,55,1024,28,0,0.0,15,0.000,574.701,57.270,939.280,4440.065,205.890,6217.206
550,55,1024,28,0,0.0,16,0.000,580.810,55.160,997.561,4424.825,205.160,6263.516
550,55,1024,28,0,0.0,17,0.000,582.511,56.900,942.131,4439.944,200.150,6221.636
550,55,1024,28,0,0.0,18,0.000,573.330,108.910,946.551,4430.534,207.981,6267.306
550,55,1024,28,0,0.0,19,0.000,586.050,57.930,941.061,4480.975,212.680,6278.696
550,55,1024,28,0,0.0,20,0.000,601.310,57.150,939.821,4430.135,200.530,6228.946
550,55,1024,28,0,0.0,21,0.000,596.170,59.300,936.051,4448.064,215.121,6254.706
550,55,1024,28,0,0.0,22,0.000,633.131,58.110,937.851,4438.904,204.370,6272.366
550,55,1024,28,0,0.0,23,0.000,582.371,57.600,996.831,4425.624,202.190,6264.616
550,55,1024,28,0,0.0,24,0.000,587.240,56.440,939.871,4462.765,200.200,6246.516
550,55,1024,28,0,0.0,25,0.000,581.241,55.820,1001.311,4422.464,205.760,6266.596
550,55,1024,28,0,0.0,26,0.000,593.251,57.350,941.171,4542.104,204.630,6338.506
550,55,1024,28,0,0.0,27,0.000,587.281,58.070,937.491,4442.614,205.410,6230.866
550,55,1024,28,0,0.0,28,0.000,587.830,115.460,937.101,4418.805,203.520,6262.716
550,55,1024,28,0,0.0,29,0.000,631.011,58.470,941.291,4443.744,203.440,6277.956
550,55,1024,28,0,0.0,30,0.000,630.761,57.600,940.101,4445.474,202.110,6276.046
600,56,1024,29,0,0.0,1,93.510,584.110,55.280,938.151,4542.685,202.680,6322.906
600,56,1024,29,0,0.0,2,0.000,589.750,58.711,939.860,4520.895,204.860,6314.076
600,56,1024,29,0,0.0,3,0.000,754.341,59.390,935.921,4531.154,203.910,6484.716
600,56,1024,29,0,0.0,4,0.000,582.590,56.840,981.961,4535.494,200.741,6357.626
600,56,1024,29,0,0.0,5,0.000,585.981,59.060,939.971,4535.964,197.880,6318.856
600,56,1024,29,0,0.0,6,0.000,627.711,58.870,939.971,4774.034,207.890,6608.476
600,56,1024,29,0,0.0,7,0.000,577.090,56.080,985.761,4537.935,204.840,6361.706
600,56,1024,29,0,0.0,8,0.000,569.361,57.610,938.941,4534.024,198.850,6298.786
600,56,1024,29,0,0.0,9,0.000,620.290,58.780,941.791,4507.774,205.401,6334.036
600,56,1024,29,0,0.0,10,0.000,582.971,55.050,941.961,4526.914,201.910,6308.806
600,56,1024,29,0,0.0,11,0.000,580.861,59.010,947.471,4538.664,202.230,6328.236
600,56,1024,29,0,0.0,12,0.000,585.350,57.060,999.751,4500.685,201.900,6344.746
600,56,1024,29,0,0.0,13,0.000,584.660,56.370,944.011,4599.455,203.050,6387.546
600,56,1024,29,0,0.0,14,0.000,572.881,59.190,941.371,4534.904,208.510,6316.856
600,56,1024,29,0,0.0,15,0.000,625.520,57.990,940.471,4519.155,201.990,6345.126
600,56,1024,29,0,0.0,16,0.000,575.880,55.880,990.321,4500.384,200.391,6322.856
600,56,1024,29,0,0.0,17,0.000,578.561,57.660,941.041,4534.494,206.760,6318.516
600,56,1024,29,0,0.0,18,0.000,587.951,57.690,988.691,4591.314,201.991,6427.637
600,56,1024,29,0,0.0,19,0.000,577.380,58.080,938.591,4562.355,202.840,6339.246
600,56,1024,29,0,0.0,20,0.000,585.270,56.180,996.841,4612.505,204.900,6455.696
600,56,1024,29,0,0.0,21,0.000,570.501,56.210,943.081,4525.934,201.721,6297.447
600,56,1024,29,0,0.0,22,0.000,580.511,56.720,1077.631,4532.294,205.680,6452.836
600,56,1024,29,0,0.0,23,0.000,588.321,55.090,985.031,4502.554,199.550,6330.546
600,56,1024,29,0,0.0,24,0.000,720.540,59.710,935.791,4502.205,205.130,6423.376
600,56,1024,29,0,0.0,25,0.000,582.930,56.151,941.510,4544.535,201.140,6326.266
600,56,1024,29,0,0.0,26,0.000,584.391,57.550,942.541,4529.144,198.790,6312.416
600,56,1024,29,0,0.0,27,0.000,624.611,56.650,940.421,4526.914,202.990,6351.586
600,56,1024,29,0,0.0,28,0.000,578.520,55.650,1102.091,4500.585,205.520,6442.366
600,56,1024,29,0,0.0,29,0.000,585.960,57.581,1002.290,4509.245,203.180,6358.256
600,56,1024,29,0,0.0,30,0.000,585.181,57.930,990.761,4501.844,200.940,6336.656
650,57,1024,29,0,0.0,1,90.150,588.270,58.130,942.911,4674.925,216.330,6480.566
650,57,1024,29,0,0.0,2,0.000,631.980,57.850,938.831,4607.755,202.170,6438.586
650,57,1024,29,0,0.0,3,0.000,627.731,61.680,939.971,4590.044,201.030,6420.456
650,57,1024,29,0,0.0,4,0.000,570.200,57.780,945.241,4629.614,207.001,6409.836
650,57,1024,29,0,0.0,5,0.000,622.781,57.340,942.121,4627.914,205.410,6455.566
650,57,1024,29,0,0.0,6,0.000,579.431,57.450,1086.871,4583.784,201.121,6508.657
650,57,1024,29,0,0.0,7,0.000,585.970,58.470,940.871,4626.645,203.790,6415.746
650,57,1024,29,0,0.0,8,0.000,576.450,58.451,938.400,4593.685,202.530,6369.516
650,57,1024,29,0,0.0,9,0.000,589.871,58.420,989.581,4569.184,203.951,6411.007
650,57,1024,29,0,0.0,10,0.000,580.581,58.550,943.871,4603.524,200.420,6386.946
650,57,1024,29,0,0.0,11,0.000,580.071,56.730,941.221,4604.914,205.270,6388.206
650,57,1024,29,0,0.0,12,0.000,580.240,55.450,945.781,4622.524,203.541,6407.536
650,57,1024,29,0,0.0,13,0.000,641.350,58.160,944.191,4586.425,206.640,6436.766
650,57,1024,29,0,0.0,14,0.000,583.881,56.320,940.731,4611.364,206.120,6398.416
650,57,1024,29,0,0.0,15,0.000,587.740,57.110,996.761,4581.635,203.970,6427.216
650,57,1024,29,0,0.0,16,0.000,570.571,58.530,941.661,4722.525,206.650,6499.937
650,57,1024,29,0,0.0,17,0.000,608.031,56.410,940.551,4597.604,201.460,6404.056
650,57,1024,29,0,0.0,18,0.000,592.681,60.380,939.251,4628.324,203.061,6423.697
650,57,1024,29,0,0.0,19,0.000,582.940,56.071,939.650,4651.365,197.190,6427.216
650,57,1024,29,0,0.0,20,0.000,580.330,57.880,986.201,4583.655,200.980,6409.046
650,57,1024,29,0,0.0,21,0.000,580.121,56.980,939.851,4613.934,205.841,6396.727
650,57,1024,29,0,0.0,22,0.000,583.241,56.060,987.471,4591.984,203.550,6422.306
650,57,1024,29,0,0.0,23,0.000,592.451,56.940,938.491,4617.184,200.690,6405.756
650,57,1024,29,0,0.0,24,0.000,621.540,60.650,941.401,4600.455,201.680,6425.726
650,57,1024,29,0,0.0,25,0.000,586.280,56.330,936.031,4619.355,214.190,6412.186
650,57,1024,29,0,0.0,26,0.000,582.901,57.730,938.991,4614.624,203.530,6397.776
650,57,1024,29,0,0.0,27,0.000,585.510,57.431,998.660,4586.375,201.540,6429.516
650,57,1024,29,0,0.0,28,0.000,574.750,57.830,940.331,4628.575,199.310,6400.796
650,57,1024,29,0,0.0,29,0.000,587.160,56.780,987.651,4581.345,204.510,6417.446
650,57,1024,29,0,0.0,30,0.000,580.481,55.670,942.451,4615.474,200.360,6394.436
700,57,1024,29,0,0.0,1,94.390,576.490,58.170,945.961,4599.635,205.670,6385.926
700,57,1024,29,0,0.0,2,0.000,582.870,110.440,942.141,4588.855,205.830,6430.136
700,57,1024,29,0,0.0,3,0.000,575.051,58.420,990.791,4609.084,203.950,6437.296
700,57,1024,29,0,0.0,4,0.000,577.191,58.050,938.181,4647.204,213.261,6433.887
700,57,1024,29,0,0.0,5,0.000,584.351,58.340,995.921,4611.484,206.810,6456.906
700,57,1024,29,0,0.0,6,0.000,566.221,58.550,974.691,4585.684,204.231,6389.377
700,57,1024,29,0,0.0,7,0.000,571.100,56.521,938.760,4617.315,201.730,6385.426
700,57,1024,29,0,0.0,8,0.000,622.850,57.590,938.641,4694.885,200.200,6514.166
700,57,1024,29,0,0.0,9,0.000,578.621,57.700,939.841,4605.854,205.431,6387.447
700,57,1024,29,0,0.0,10,0.000,596.681,59.300,939.781,4624.244,203.920,6423.926
700,57,1024,29,0,0.0,11,0.000,581.261,55.380,939.331,4595.234,199.120,6370.326
700,57,1024,29,0,0.0,12,0.000,591.580,58.910,940.801,4611.325,202.450,6405.066
700,57,1024,29,0,0.0,13,0.000,587.900,57.820,993.301,4573.275,206.380,6418.676
700,57,1024,29,0,0.0,14,0.000,592.331,60.360,938.211,4609.224,206.740,6406.866
700,57,1024,29,0,0.0,15,0.000,587.600,57.620,984.841,4584.125,203.360,6417.546
700,57,1024,29,0,0.0,16,0.000,584.960,57.920,945.191,4619.045,201.430,6408.546
700,57,1024,29,0,0.0,17,0.000,580.071,57.360,982.881,4613.034,202.470,6435.816
700,57,1024,29,0,0.0,18,0.000,586.311,56.700,940.431,4615.114,218.691,6417.247
700,57,1024,29,0,0.0,19,0.000,590.900,57.940,939.471,4639.245,209.280,6436.836
700,57,1024,29,0,0.0,20,0.000,573.160,57.920,944.001,4708.625,200.550,6484.256
700,57,1024,29,0,0.0,21,0.000,568.401,56.190,939.071,4631.444,204.001,6399.107
700,57,1024,29,0,0.0,22,0.000,562.891,58.710,940.751,4617.694,200.440,6380.486
700,57,1024,29,0,0.0,23,0.000,580.811,57.190,942.691,4617.044,201.750,6399.486
700,57,1024,29,0,0.0,24,0.000,577.170,55.820,990.121,4607.755,203.470,6434.336
700,57,1024,29,0,0.0,25,0.000,571.441,55.450,939.630,4615.185,202.930,6384.636
700,57,1024,29,0,0.0,26,0.000,615.721,58.840,940.931,4592.184,205.760,6413.436
700,57,1024,29,0,0.0,27,0.000,586.310,58.750,978.751,4592.465,202.600,6418.876
700,57,1024,29,0,0.0,28,0.000,579.650,57.170,943.721,4616.945,200.980,6398.466
700,57,1024,29,0,0.0,29,0.000,586.520,58.341,941.980,4625.495,197.690,6410.026
700,57,1024,29,0,0.0,30,0.000,583.131,55.910,943.741,4631.624,201.271,6415.677
750,58,1024,30,0,0.0,1,87.220,587.020,58.850,940.271,4693.455,200.950,6480.546
750,58,1024,30,0,0.0,2,0.000,588.640,56.080,990.341,4659.315,204.370,6498.746
750,58,1024,30,0,0.0,3,0.000,589.821,58.130,984.471,4687.124,206.961,6526.507
750,58,1024,30,0,0.0,4,0.000,571.230,55.300,944.221,4808.905,202.070,6581.726
750,58,1024,30,0,0.0,5,0.000,579.721,57.100,978.401,4694.404,198.300,6507.926
750,58,1024,30,0,0.0,6,0.000,594.651,59.940,940.251,4698.104,200.301,6493.247
750,58,1024,30,0,0.0,7,0.000,572.091,57.660,941.711,4695.914,198.840,6466.216
750,58,1024,30,0,0.0,8,0.000,586.801,57.900,998.531,4662.704,204.010,6509.946
750,58,1024,30,0,0.0,9,0.000,578.291,57.250,945.201,4682.964,204.691,6468.397
750,58,1024,30,0,0.0,10,0.000,630.121,59.330,938.401,4665.504,202.820,6496.176
750,58,1024,30,0,0.0,11,0.000,582.931,56.210,940.111,4673.194,203.840,6456.286
750,58,1024,30,0,0.0,12,0.000,584.370,58.920,940.381,4684.425,204.840,6472.936
750,58,1024,30,0,0.0,13,0.000,589.430,57.390,1365.982,4686.574,205.570,6904.946
750,58,1024,30,0,0.0,14,0.000,586.911,57.780,940.971,4700.844,205.551,6492.057
750,58,1024,30,0,0.0,15,0.000,582.660,58.820,939.431,4691.245,201.630,6473.786
750,58,1024,30,0,0.0,16,0.000,599.170,59.580,935.551,4680.935,206.330,6481.566
750,58,1024,30,0,0.0,17,0.000,585.351,59.160,990.051,4659.034,203.770,6497.366
750,58,1024,30,0,0.0,18,0.000,575.710,56.130,941.381,4680.155,200.690,6454.066
750,58,1024,30,0,0.0,19,0.000,628.670,58.250,936.911,4720.065,198.570,6542.466
750,58,1024,30,0,0.0,20,0.000,586.230,56.970,941.851,4694.065,206.900,6486.016
750,58,1024,30,0,0.0,21,0.000,618.871,57.860,939.661,4680.144,202.671,6499.207
750,58,1024,30,0,0.0,22,0.000,584.381,57.020,937.311,4696.154,200.610,6475.476
750,58,1024,30,0,0.0,23,0.000,572.891,57.610,942.851,4698.964,203.731,6476.047
750,58,1024,30,0,0.0,24,0.000,576.280,55.860,941.261,4745.735,202.670,6521.806
750,58,1024,30,0,0.0,25,0.000,578.851,58.190,942.880,4687.595,202.260,6469.776
750,58,1024,30,0,0.0,26,0.000,580.331,58.100,996.901,4663.974,203.170,6502.476
750,58,1024,30,0,0.0,27,0.000,585.930,59.330,939.531,4791.625,201.080,6577.496
750,58,1024,30,0,0.0,28,0.000,581.210,56.790,944.161,4686.865,197.690,6466.716
750,58,1024,30,0,0.0,29,0.000,590.531,59.330,934.311,4723.084,201.460,6508.716
750,58,1024,30,0,0.0,30,0.000,581.171,58.040,940.451,4686.394,197.961,6464.017
800,58,1024,30,0,0.0,1,82.901,588.741,59.240,940.160,4676.835,204.250,6469.226
800,58,1024,30,0,0.0,2,0.000,595.921,58.300,987.571,4691.804,204.560,6538.156
800,58,1024,30,0,0.0,3,0.000,579.171,56.040,943.131,4704.724,202.231,6485.297
800,58,1024,30,0,0.0,4,0.000,594.820,59.530,949.751,4690.895,202.120,6497.116
800,58,1024,30,0,0.0,5,0.000,577.631,58.470,939.951,4794.124,201.890,6572.066
800,58,1024,30,0,0.0,6,0.000,574.190,58.710,940.711,4704.695,206.960,6485.266
800,58,1024,30,0,0.0,7,0.000,587.051,56.410,940.991,4687.174,204.090,6475.716
800,58,1024,30,0,0.0,8,0.000,582.731,57.640,993.241,4661.024,200.290,6494.926
800,58,1024,30,0,0.0,9,0.000,587.480,55.540,939.261,4683.695,202.640,6468.616
800,58,1024,30,0,0.0,10,0.000,564.311,56.340,1001.451,4651.324,206.950,6480.376
800,58,1024,30,0,0.0,11,0.000,574.231,57.950,940.661,4687.094,202.520,6462.456
800,58,1024,30,0,0.0,12,0.000,585.050,56.880,943.991,4668.355,198.530,6452.806
800,58,1024,30,0,0.0,13,0.000,587.891,58.420,989.231,4662.374,200.390,6498.306
800,58,1024,30,0,0.0,14,0.000,617.231,59.940,943.041,4673.004,206.171,6499.387
800,58,1024,30,0,0.0,15,0.000,590.330,57.710,940.611,4695.625,200.470,6484.746
800,58,1024,30,0,0.0,16,0.000,586.110,58.171,938.980,4686.055,200.030,6469.346
800,58,1024,30,0,0.0,17,0.000,574.681,56.240,943.071,4711.244,202.790,6488.026
800,58,1024,30,0,0.0,18,0.000,583.520,57.380,942.801,4684.955,198.110,6466.766
800,58,1024,30,0,0.0,19,0.000,567.511,56.640,998.701,4694.784,202.360,6519.996
800,58,1024,30,0,0.0,20,0.000,583.300,57.450,940.151,4695.745,200.910,6477.556
800,58,1024,30,0,0.0,21,0.000,581.191,58.030,995.101,4665.074,206.791,6506.187
800,58,1024,30,0,0.0,22,0.000,583.961,56.950,939.211,4707.454,200.480,6488.056
800,58,1024,30,0,0.0,23,0.000,581.221,57.710,942.581,4802.335,200.430,6584.277
800,58,1024,30,0,0.0,24,0.000,581.490,57.720,940.841,4700.135,201.720,6481.906
800,58,1024,30,0,0.0,25,0.000,587.381,58.070,939.051,4684.514,200.440,6469.456
800,58,1024,30,0,0.0,26,0.000,577.671,57.880,985.371,4663.624,204.150,6488.696
800,58,1024,30,0,0.0,27,0.000,591.761,58.380,939.441,4703.644,203.520,6496.746
800,58,1024,30,0,0.0,28,0.000,580.490,56.970,938.991,4695.485,206.390,6478.326
800,58,1024,30,0,0.0,29,0.000,588.521,58.420,940.491,4692.844,201.210,6481.486
800,58,1024,30,0,0.0,30,0.000,573.431,58.500,941.891,4679.224,197.701,6450.747
850,59,1024,30,0,0.0,1,87.810,635.941,56.270,939.271,4758.044,200.440,6589.966
850,59,1024,30,0,0.0,2,0.000,582.601,55.840,943.001,4784.984,204.270,6570.696
850,59,1024,30,0,0.0,3,0.000,576.151,56.730,938.311,4770.035,206.850,6548.077
850,59,1024,30,0,0.0,4,0.000,611.971,58.310,941.780,4853.705,206.430,6672.196
850,59,1024,30,0,0.0,5,0.000,575.771,58.590,941.111,4812.414,205.291,6593.177
850,59,1024,30,0,0.0,6,0.000,578.710,58.270,941.121,4763.035,200.150,6541.286
850,59,1024,30,0,0.0,7,0.000,575.781,55.780,937.531,4767.154,199.831,6536.077
850,59,1024,30,0,0.0,8,0.000,583.161,55.180,939.351,4775.844,202.510,6556.046
850,59,1024,30,0,0.0,9,0.000,577.720,57.460,940.631,4762.615,199.920,6538.346
850,59,1024,30,0,0.0,10,0.000,584.491,56.720,981.231,4732.314,202.081,6556.837
850,59,1024,30,0,0.0,11,0.000,630.761,58.940,938.381,4744.734,200.140,6572.956
850,59,1024,30,0,0.0,12,0.000,588.910,57.810,937.921,4762.415,205.020,6552.076
850,59,1024,30,0,0.0,13,0.000,588.341,56.340,941.111,4769.414,200.921,6556.127
850,59,1024,30,0,0.0,14,0.000,574.781,55.780,989.891,4779.035,205.030,6604.517
850,59,1024,30,0,0.0,15,0.000,582.891,57.070,940.771,4764.064,198.070,6542.866
850,59,1024,30,0,0.0,16,0.000,588.980,56.971,939.410,4766.055,205.940,6557.356
850,59,1024,30,0,0.0,17,0.000,583.011,56.530,940.341,4888.864,210.251,6678.997
850,59,1024,30,0,0.0,18,0.000,581.590,57.590,936.541,4774.255,203.860,6553.836
850,59,1024,30,0,0.0,19,0.000,585.541,56.890,1075.691,4766.174,202.000,6686.296
850,59,1024,30,0,0.0,20,0.000,576.441,58.220,935.411,4756.444,203.700,6530.216
850,59,1024,30,0,0.0,21,0.000,587.420,58.930,986.171,4735.505,207.080,6575.106
850,59,1024,30,0,0.0,22,0.000,588.671,56.440,940.181,4767.274,208.301,6560.867
850,59,1024,30,0,0.0,23,0.000,588.300,59.180,941.751,4769.295,201.590,6560.116
850,59,1024,30,0,0.0,24,0.000,581.110,56.300,944.811,4773.105,209.910,6565.236
850,59,1024,30,0,0.0,25,0.000,618.411,58.870,939.391,4754.134,201.470,6572.276
850,59,1024,30,0,0.0,26,0.000,581.871,58.270,938.471,4786.534,201.101,6566.247
850,59,1024,30,0,0.0,27,0.000,580.891,57.360,941.071,4775.014,199.281,6553.617
850,59,1024,30,0,0.0,28,0.000,583.240,58.790,939.801,4759.645,205.130,6546.606
850,59,1024,30,0,0.0,29,0.000,571.991,57.990,941.221,4771.874,198.611,6541.687
850,59,1024,30,0,0.0,30,0.000,580.850,55.990,940.401,4770.035,201.470,6548.746
900,59,1024,30,0,0.0,1,94.170,589.161,111.810,939.691,4753.434,203.960,6598.056
900,59,1024,30,0,0.0,2,0.000,572.261,58.200,943.181,4895.514,207.501,6676.657
900,59,1024,30,0,0.0,3,0.000,578.270,58.300,941.281,4770.225,200.230,6548.306
900,59,1024,30,0,0.0,4,0.000,600.321,58.610,934.931,4752.844,204.461,6551.167
900,59,1024,30,0,0.0,5,0.000,586.451,58.130,941.861,4794.635,212.230,6593.307
900,59,1024,30,0,0.0,6,0.000,586.570,57.361,939.140,4762.985,201.910,6547.966
900,59,1024,30,0,0.0,7,0.000,628.441,59.170,939.791,4756.435,202.910,6586.747
900,59,1024,30,0,0.0,8,0.000,573.021,58.790,941.101,4785.054,199.731,6557.697
900,59,1024,30,0,0.0,9,0.000,583.530,55.460,943.771,4764.305,202.510,6549.576
900,59,1024,30,0,0.0,10,0.000,563.661,56.630,941.701,4781.414,199.481,6542.887
900,59,1024,30,0,0.0,11,0.000,575.861,106.490,943.681,4829.525,205.670,6661.227
900,59,1024,30,0,0.0,12,0.000,589.291,57.480,939.761,4818.194,200.170,6604.896
900,59,1024,30,0,0.0,13,0.000,572.221,56.960,944.491,4865.145,201.380,6640.197
900,59,1024,30,0,0.0,14,0.000,578.450,57.020,977.141,4743.885,200.090,6556.586
900,59,1024,30,0,0.0,15,0.000,593.171,60.330,938.841,4769.174,204.781,6566.297
900,59,1024,30,0,0.0,16,0.000,634.091,57.690,944.011,4757.814,204.100,6597.706
900,59,1024,30,0,0.0,17,0.000,584.381,58.770,944.551,4770.565,202.020,6560.287
900,59,1024,30,0,0.0,18,0.000,623.520,58.921,941.040,4763.035,199.020,6585.536
900,59,1024,30,0,0.0,19,0.000,581.201,59.270,987.221,4762.874,206.951,6597.517
900,59,1024,30,0,0.0,20,0.000,576.751,58.140,940.691,4759.024,209.620,6544.226
900,59,1024,30,0,0.0,21,0.000,584.460,58.260,941.911,4791.705,203.130,6579.466
900,59,1024,30,0,0.0,22,0.000,597.940,61.420,936.971,4744.435,206.080,6546.846
900,59,1024,30,0,0.0,23,0.000,657.480,58.881,941.510,4761.865,206.930,6626.666
900,59,1024,30,0,0.0,24,0.000,576.021,58.070,941.121,4766.404,198.550,6540.166
900,59,1024,30,0,0.0,25,0.000,620.541,58.370,941.511,4758.494,207.871,6586.787
900,59,1024,30,0,0.0,26,0.000,585.761,59.510,938.751,4787.185,201.290,6572.497
900,59,1024,30,0,0.0,27,0.000,584.641,56.760,942.841,4788.345,201.950,6574.537
900,59,1024,30,0,0.0,28,0.000,616.280,59.050,940.671,4750.295,206.750,6573.046
900,59,1024,30,0,0.0,29,0.000,578.520,57.800,937.711,4801.665,204.080,6579.776
900,59,1024,30,0,0.0,30,0.000,582.210,58.890,940.091,4766.835,203.020,6551.046
950,60,1024,31,0,0.0,1,89.960,573.411,56.430,975.411,4827.494,205.771,6638.517
950,60,1024,31,0,0.0,2,0.000,578.770,56.330,942.921,4848.545,214.920,6641.486
950,60,1024,31,0,0.0,3,0.000,575.440,58.320,940.511,4850.825,198.010,6623.106
950,60,1024,31,0,0.0,4,0.000,638.191,58.170,942.061,4846.625,204.870,6689.917
950,60,1024,31,0,0.0,5,0.000,586.380,58.490,941.641,4968.385,201.590,6756.486
950,60,1024,31,0,0.0,6,0.000,575.701,57.970,940.351,4846.954,200.080,6621.056
950,60,1024,31,0,0.0,7,0.000,573.721,194.380,947.791,4833.355,203.500,6752.747
950,60,1024,31,0,0.0,8,0.000,581.911,56.160,940.861,4845.625,208.090,6632.647
950,60,1024,31,0,0.0,9,0.000,598.421,58.670,936.030,4827.925,203.160,6624.206
950,60,1024,31,0,0.0,10,0.000,569.211,58.970,936.841,4856.535,201.310,6622.867
950,60,1024,31,0,0.0,11,0.000,580.680,58.060,989.001,4821.295,202.710,6651.746
950,60,1024,31,0,0.0,12,0.000,629.941,60.670,935.981,4824.574,203.791,6654.957
950,60,1024,31,0,0.0,13,0.000,585.690,55.550,940.301,4844.535,218.970,6645.046
950,60,1024,31,0,0.0,14,0.000,576.080,56.150,981.431,4824.045,208.290,6645.996
950,60,1024,31,0,0.0,15,0.000,588.100,58.370,936.441,4848.635,207.170,6638.716
950,60,1024,31,0,0.0,16,0.000,627.521,56.920,939.781,4839.514,207.371,6671.107
950,60,1024,31,0,0.0,17,0.000,586.900,58.600,936.471,4853.905,199.520,6635.396
950,60,1024,31,0,0.0,18,0.000,632.061,58.090,940.741,4869.004,206.470,6706.366
950,60,1024,31,0,0.0,19,0.000,587.360,56.710,939.171,4895.225,199.700,6678.166
950,60,1024,31,0,0.0,20,0.000,582.161,56.630,938.211,4839.104,208.281,6624.387
950,60,1024,31,0,0.0,21,0.000,582.870,57.570,935.721,4855.665,203.080,6634.906
950,60,1024,31,0,0.0,22,0.000,590.280,58.291,939.460,4869.625,202.310,6659.966
950,60,1024,31,0,0.0,23,0.000,623.391,58.640,937.101,4833.844,201.450,6654.426
950,60,1024,31,0,0.0,24,0.000,572.381,56.870,939.711,4856.654,199.321,6624.937
950,60,1024,31,0,0.0,25,0.000,580.261,57.340,991.881,4822.045,202.790,6654.317
950,60,1024,31,0,0.0,26,0.000,577.730,57.830,944.521,4848.035,215.120,6643.236
950,60,1024,31,0,0.0,27,0.000,585.660,56.820,938.191,4851.205,201.750,6633.626
950,60,1024,31,0,0.0,28,0.000,579.961,55.470,1000.241,4812.404,201.100,6649.176
950,60,1024,31,0,0.0,29,0.000,582.840,58.760,939.301,4856.355,197.620,6634.876
950,60,1024,31,0,0.0,30,0.000,728.541,60.790,936.971,4838.004,203.430,6767.736
1000,60,1024,31,0,0.0,1,88.920,581.230,56.490,988.901,4904.355,207.130,6738.106
1000,60,1024,31,0,0.0,2,0.000,581.790,56.290,939.811,4838.995,200.900,6617.786
1000,60,1024,31,0,0.0,3,0.000,586.741,59.540,935.681,4866.434,201.231,6649.627
1000,60,1024,31,0,0.0,4,0.000,628.250,62.750,940.371,4828.715,202.680,6662.766
1000,60,1024,31,0,0.0,5,0.000,583.031,59.960,938.551,4881.154,201.801,6664.497
1000,60,1024,31,0,0.0,6,0.000,588.501,57.400,938.881,4852.994,201.341,6639.117
1000,60,1024,31,0,0.0,7,0.000,585.700,58.980,992.811,4814.545,202.060,6654.096
1000,60,1024,31,0,0.0,8,0.000,587.190,56.460,945.541,4847.055,203.490,6639.736
1000,60,1024,31,0,0.0,9,0.000,618.361,56.690,939.591,4843.254,197.081,6654.977
1000,60,1024,31,0,0.0,10,0.000,581.560,56.440,939.921,4844.145,207.240,6629.306
1000,60,1024,31,0,0.0,11,0.000,574.740,57.020,990.131,4809.825,200.290,6632.006
1000,60,1024,31,0,0.0,12,0.000,634.861,60.820,940.581,4821.865,208.850,6666.977
1000,60,1024,31,0,0.0,13,0.000,575.041,57.250,936.631,4841.074,198.400,6608.396
1000,60,1024,31,0,0.0,14,0.000,572.960,57.901,939.840,4857.885,205.300,6633.886
1000,60,1024,31,0,0.0,15,0.000,589.780,58.350,937.491,4833.315,204.790,6623.726
1000,60,1024,31,0,0.0,16,0.000,572.830,58.900,995.151,4817.105,200.880,6644.866
1000,60,1024,31,0,0.0,17,0.000,580.971,56.280,942.671,4854.684,197.500,6632.106
1000,60,1024,31,0,0.0,18,0.000,579.011,55.990,987.231,4846.304,200.091,6668.627
1000,60,1024,31,0,0.0,19,0.000,575.880,58.180,939.201,4934.355,205.040,6712.656
1000,60,1024,31,0,0.0,20,0.000,618.241,58.910,939.731,4829.475,203.170,6649.527
1000,60,1024,31,0,0.0,21,0.000,585.811,55.870,940.021,4850.594,202.230,6634.526
1000,60,1024,31,0,0.0,22,0.000,620.881,57.180,941.191,4840.344,199.441,6659.037
1000,60,1024,31,0,0.0,23,0.000,591.791,57.950,995.581,4823.535,205.420,6674.277
1000,60,1024,31,0,0.0,24,0.000,578.501,57.940,938.311,4850.075,202.130,6626.957
1000,60,1024,31,0,0.0,25,0.000,581.260,58.850,990.501,4816.465,204.740,6651.816
1000,60,1024,31,0,0.0,26,0.000,583.970,54.760,943.001,4961.805,202.500,6746.036
1000,60,1024,31,0,0.0,27,0.000,592.061,58.870,933.590,4829.525,203.030,6617.076
1000,60,1024,31,0,0.0,28,0.000,586.541,59.660,992.761,4802.514,203.681,6645.157
1000,60,1024,31,0,0.0,29,0.000,587.941,56.970,940.181,4838.374,199.911,6623.377
1000,60,1024,31,0,0.0,30,0.000,590.031,140.650,942.001,4825.764,200.991,6699.437
50,34,4096,18,0,0.0,1,105.180,2520.782,57.240,945.181,2782.323,787.061,7092.587
50,34,4096,18,0,0.0,2,0.000,2450.353,59.630,982.971,2731.822,810.361,7035.137
50,34,4096,18,0,0.0,3,0.000,2504.363,59.320,996.861,2737.672,790.121,7088.337
50,34,4096,18,0,0.0,4,0.000,2527.922,59.940,945.851,2776.393,783.501,7093.607
50,34,4096,18,0,0.0,5,0.000,2480.083,57.010,999.441,2755.693,809.510,7101.737
50,34,4096,18,0,0.0,6,0.000,2491.453,56.800,945.641,2791.802,790.521,7076.217
50,34,4096,18,0,0.0,7,0.000,2538.242,57.100,946.401,2769.963,782.541,7094.247
50,34,4096,18,0,0.0,8,0.000,2511.962,57.860,1018.101,2738.503,818.571,7144.997
50,34,4096,18,0,0.0,9,0.000,2515.023,58.750,946.061,2792.112,782.881,7094.827
50,34,4096,18,0,0.0,10,0.000,2463.802,57.240,991.701,2730.653,809.621,7053.017
50,34,4096,18,0,0.0,11,0.000,2498.552,58.051,944.460,2776.483,783.121,7060.667
50,34,4096,18,0,0.0,12,0.000,2535.142,58.380,944.031,2762.923,797.280,7097.756
50,34,4096,18,0,0.0,13,0.000,2500.122,58.560,996.321,2729.623,785.421,7070.047
50,34,4096,18,0,0.0,14,0.000,2480.962,58.620,943.331,2784.213,798.831,7065.957
50,34,4096,18,0,0.0,15,0.000,2690.112,60.080,948.361,2762.433,788.261,7249.247
50,34,4096,18,0,0.0,16,0.000,2482.512,56.200,945.431,2781.243,782.400,7047.786
50,34,4096,18,0,0.0,17,0.000,2515.173,58.650,994.201,2736.762,796.941,7101.727
50,34,4096,18,0,0.0,18,0.000,2547.443,58.730,944.741,2866.993,788.330,7206.237
50,34,4096,18,0,0.0,19,0.000,2529.253,58.310,944.081,2762.572,792.771,7086.987
50,34,4096,18,0,0.0,20,0.000,2607.142,59.570,947.261,2770.403,782.440,7166.816
50,34,4096,18,0,0.0,21,0.000,2519.803,58.860,989.851,2740.362,801.301,7110.177
50,34,4096,18,0,0.0,22,0.000,2548.733,58.680,942.111,2759.952,786.231,7095.707
50,34,4096,18,0,0.0,23,0.000,2529.532,60.330,943.151,2778.303,785.500,7096.816
50,34,4096,18,0,0.0,24,0.000,2498.572,61.480,942.021,2785.793,786.890,7074.756
50,34,4096,18,0,0.0,25,0.000,2545.162,57.280,946.511,2793.073,783.181,7125.207
50,34,4096,18,0,0.0,26,0.000,2472.063,58.200,1004.121,2735.502,878.651,7148.537
50,34,4096,18,0,0.0,27,0.000,2518.883,57.440,945.631,2789.222,786.601,7097.777
50,34,4096,18,0,0.0,28,0.000,2523.943,57.020,946.281,2771.282,783.361,7081.887
50,34,4096,18,0,0.0,29,0.000,2511.933,57.010,946.021,2786.892,790.641,7092.497
50,34,4096,18,0,0.0,30,0.000,2550.023,57.890,949.121,2770.392,789.231,7116.657
100,40,4096,21,0,0.0,1,101.350,2492.053,57.440,946.681,3250.213,786.860,7533.247
100,40,4096,21,0,0.0,2,0.000,2518.232,57.850,944.391,3247.683,782.211,7550.367
100,40,4096,21,0,0.0,3,0.000,2517.852,62.660,944.371,3397.954,792.350,7715.187
100,40,4096,21,0,0.0,4,0.000,2512.543,60.210,943.391,3253.893,804.541,7574.578
100,40,4096,21,0,0.0,5,0.000,2530.792,58.080,946.071,3250.894,784.490,7570.327
100,40,4096,21,0,0.0,6,0.000,2500.932,59.000,995.541,3229.943,788.601,7574.017
100,40,4096,21,0,0.0,7,0.000,2559.333,58.940,942.491,3258.133,787.701,7606.598
100,40,4096,21,0,0.0,8,0.000,2535.892,58.660,945.071,3257.053,780.541,7577.217
100,40,4096,21,0,0.0,9,0.000,2466.132,57.080,991.811,3206.163,801.931,7523.117
100,40,4096,21,0,0.0,10,0.000,2534.813,57.960,943.891,3315.853,788.681,7641.198
100,40,4096,21,0,0.0,11,0.000,2530.922,57.710,941.621,3239.753,782.351,7552.357
100,40,4096,21,0,0.0,12,0.000,2518.153,59.000,941.550,3339.104,800.200,7658.007
100,40,4096,21,0,0.0,13,0.000,2550.883,60.770,944.191,3232.913,789.051,7577.808
100,40,4096,21,0,0.0,14,0.000,2677.302,60.210,942.531,3248.773,788.271,7717.087
100,40,4096,21,0,0.0,15,0.000,2460.892,58.410,990.481,3228.033,783.011,7520.827
100,40,4096,21,0,0.0,16,0.000,2509.153,59.450,936.771,3248.273,784.700,7538.347
100,40,4096,21,0,0.0,17,0.000,2557.082,58.760,946.131,3240.353,782.291,7584.617
100,40,4096,21,0,0.0,18,0.000,2513.143,58.750,945.101,3279.943,781.080,7578.017
100,40,4096,21,0,0.0,19,0.000,2503.172,55.700,944.951,3330.163,791.221,7625.207
100,40,4096,21,0,0.0,20,0.000,2471.253,58.900,1011.531,3214.633,838.350,7594.667
100,40,4096,21,0,0.0,21,0.000,2531.042,59.420,947.611,3255.813,792.761,7586.647
100,40,4096,21,0,0.0,22,0.000,2485.382,58.050,1016.771,3215.724,797.780,7573.707
100,40,4096,21,0,0.0,23,0.000,2494.973,57.760,945.271,3265.843,783.490,7547.337
100,40,4096,21,0,0.0,24,0.000,2517.693,59.180,994.971,3330.263,781.891,7683.998
100,40,4096,21,0,0.0,25,0.000,2607.193,59.990,941.961,3246.613,779.221,7634.978
100,40,4096,21,0,0.0,26,0.000,2538.172,59.730,948.461,3256.473,791.821,7594.657
100,40,4096,21,0,0.0,27,0.000,2535.463,58.350,946.171,3240.463,780.560,7561.007
100,40,4096,21,0,0.0,28,0.000,2476.162,60.800,942.831,3244.093,788.031,7511.917
100,40,4096,21,0,0.0,29,0.000,2498.552,57.710,981.731,3249.384,778.480,7565.857
100,40,4096,21,0,0.0,30,0.000,2489.422,55.740,941.591,3258.103,778.031,7522.887
150,44,4096,23,0,0.0,1,103.290,2502.403,59.500,996.671,3545.423,785.521,7889.518
150,44,4096,23,0,0.0,2,0.000,2487.022,58.880,948.971,3567.623,785.101,7847.597
150,44,4096,23,0,0.0,3,0.000,2520.072,57.911,945.750,3584.284,788.361,7896.378
150,44,4096,23,0,0.0,4,0.000,2510.193,58.880,942.931,3650.703,791.461,7954.168
150,44,4096,23,0,0.0,5,0.000,2525.622,57.740,946.281,3568.044,786.741,7884.428
150,44,4096,23,0,0.0,6,0.000,2646.812,60.360,943.871,3566.984,784.761,8002.788
150,44,4096,23,0,0.0,7,0.000,2460.303,92.210,948.661,3557.033,781.081,7839.288
150,44,4096,23,0,0.0,8,0.000,2481.922,58.570,944.441,3558.973,788.551,7832.457
150,44,4096,23,0,0.0,9,0.000,2546.022,60.020,942.071,3552.664,784.550,7885.327
150,44,4096,23,0,0.0,10,0.000,2547.473,59.020,940.861,3571.013,791.221,7909.588
150,44,4096,23,0,0.0,11,0.000,2452.792,57.250,984.291,3605.863,783.981,7884.177
150,44,4096,23,0,0.0,12,0.000,2604.143,60.200,944.311,3556.583,793.811,7959.048
150,44,4096,23,0,0.0,13,0.000,2543.643,59.970,943.231,3556.043,782.391,7885.278
150,44,4096,23,0,0.0,14,0.000,2452.892,56.480,994.231,3532.743,804.491,7840.837
150,44,4096,23,0,0.0,15,0.000,2499.782,58.540,947.971,3568.183,784.461,7858.937
150,44,4096,23,0,0.0,16,0.000,2539.053,62.530,943.911,3564.533,784.331,7894.358
150,44,4096,23,0,0.0,17,0.000,2492.122,58.890,943.341,3571.864,790.330,7856.547
150,44,4096,23,0,0.0,18,0.000,2522.973,59.030,944.701,3563.973,785.441,7876.118
150,44,4096,23,0,0.0,19,0.000,2495.182,59.320,983.031,3531.754,792.800,7862.087
150,44,4096,23,0,0.0,20,0.000,2478.093,58.570,944.270,3583.884,789.741,7854.558
150,44,4096,23,0,0.0,21,0.000,2502.662,58.870,942.751,3575.573,782.741,7862.597
150,44,4096,23,0,0.0,22,0.000,2528.732,56.820,945.051,3565.654,782.181,7878.438
150,44,4096,23,0,0.0,23,0.000,2487.363,59.640,940.000,3552.504,788.191,7827.698
150,44,4096,23,0,0.0,24,0.000,2513.423,59.100,944.841,3571.103,788.191,7876.658
150,44,4096,23,0,0.0,25,0.000,2487.693,56.680,984.701,3554.663,785.411,7869.148
150,44,4096,23,0,0.0,26,0.000,2542.982,59.850,946.581,3572.154,787.790,7909.357
150,44,4096,23,0,0.0,27,0.000,2526.033,58.990,945.211,3593.343,785.461,7909.038
150,44,4096,23,0,0.0,28,0.000,2481.362,59.130,995.931,3543.104,785.971,7865.498
150,44,4096,23,0,0.0,29,0.000,2616.612,60.461,940.700,3564.674,787.951,7970.398
150,44,4096,23,0,0.0,30,0.000,2511.432,58.940,941.831,3554.784,789.100,7856.087
200,46,4096,24,0,0.0,1,104.360,2503.613,59.230,945.361,3731.763,787.991,8027.958
200,46,4096,24,0,0.0,2,0.000,2536.062,61.221,942.790,3707.104,782.481,8029.658
200,46,4096,24,0,0.0,3,0.000,2456.673,59.530,991.641,3705.773,784.071,7997.688
200,46,4096,24,0,0.0,4,0.000,2532.302,61.040,945.931,3849.484,802.751,8191.508
200,46,4096,24,0,0.0,5,0.000,2465.663,57.550,981.681,3714.763,784.971,8004.628
200,46,4096,24,0,0.0,6,0.000,2496.733,57.490,990.681,3689.203,790.211,8024.318
200,46,4096,24,0,0.0,7,0.000,2521.962,58.320,946.141,3727.344,786.630,8040.397
200,46,4096,24,0,0.0,8,0.000,2508.052,62.930,947.871,3719.904,783.291,8022.048
200,46,4096,24,0,0.0,9,0.000,2464.733,58.390,945.520,3738.134,800.991,8007.768
200,46,4096,24,0,0.0,10,0.000,2520.372,59.170,945.901,3722.714,793.800,8041.957
200,46,4096,24,0,0.0,11,0.000,2534.092,58.690,944.621,3717.544,783.941,8038.888
200,46,4096,24,0,0.0,12,0.000,2519.813,58.290,945.241,3719.443,789.861,8032.648
200,46,4096,24,0,0.0,13,0.000,2443.462,57.910,993.121,3726.694,786.270,8007.457
200,46,4096,24,0,0.0,14,0.000,2536.552,58.630,945.641,3720.484,783.871,8045.178
200,46,4096,24,0,0.0,15,0.000,2477.952,58.620,992.511,3687.794,811.180,8028.057
200,46,4096,24,0,0.0,16,0.000,2549.822,58.960,938.681,3718.994,790.370,8056.827
200,46,4096,24,0,0.0,17,0.000,2499.743,58.770,987.101,3712.883,787.161,8045.658
200,46,4096,24,0,0.0,18,0.000,2525.433,59.490,943.311,3731.833,787.411,8047.478
200,46,4096,24,0,0.0,19,0.000,2525.422,56.661,948.310,3720.534,780.181,8031.108
200,46,4096,24,0,0.0,20,0.000,2446.513,58.870,942.211,3738.913,796.801,7983.308
200,46,4096,24,0,0.0,21,0.000,2539.002,65.320,943.901,3719.974,781.821,8050.018
200,46,4096,24,0,0.0,22,0.000,2440.053,57.710,946.311,3740.193,800.581,7984.848
200,46,4096,24,0,0.0,23,0.000,2511.633,58.440,943.541,3817.823,792.131,8123.568
200,46,4096,24,0,0.0,24,0.000,2452.003,58.010,986.521,3692.493,803.661,7992.688
200,46,4096,24,0,0.0,25,0.000,2618.162,60.590,944.311,3736.874,788.521,8148.458
200,46,4096,24,0,0.0,26,0.000,2548.732,62.101,948.960,3718.654,775.801,8054.248
200,46,4096,24,0,0.0,27,0.000,2468.752,101.800,952.521,3740.234,780.330,8043.637
200,46,4096,24,0,0.0,28,0.000,2527.053,59.290,944.741,3727.873,786.441,8045.398
200,46,4096,24,0,0.0,29,0.000,2472.313,58.580,994.871,3729.053,778.881,8033.698
200,46,4096,24,0,0.0,30,0.000,2546.452,57.941,945.760,3717.574,787.181,8054.908
250,48,4096,25,0,0.0,1,98.831,2457.052,58.230,994.131,3863.504,794.371,8167.288
250,48,4096,25,0,0.0,2,0.000,2503.693,59.440,1016.001,3918.484,790.680,8288.298
250,48,4096,25,0,0.0,3,0.000,2520.432,57.310,946.291,3892.214,788.911,8205.158
250,48,4096,25,0,0.0,4,0.000,2540.323,58.910,945.631,3875.403,780.741,8201.008
250,48,4096,25,0,0.0,5,0.000,2528.822,58.450,948.221,3890.954,783.471,8209.918
250,48,4096,25,0,0.0,6,0.000,2533.232,57.100,945.851,3882.244,787.311,8205.738
250,48,4096,25,0,0.0,7,0.000,2500.613,58.580,999.281,3873.393,783.911,8215.778
250,48,4096,25,0,0.0,8,0.000,2549.013,57.590,943.911,3891.693,788.731,8230.938
250,48,4096,25,0,0.0,9,0.000,2481.842,58.220,943.071,3874.254,780.950,8138.337
250,48,4096,25,0,0.0,10,0.000,2497.833,59.020,944.631,3876.483,803.631,8181.598
250,48,4096,25,0,0.0,11,0.000,2506.313,56.170,981.851,3856.073,781.171,8181.578
250,48,4096,25,0,0.0,12,0.000,2495.492,58.740,945.621,3881.104,784.021,8164.978
250,48,4096,25,0,0.0,13,0.000,2516.733,58.620,940.501,3879.483,779.881,8175.218
250,48,4096,25,0,0.0,14,0.000,2508.573,56.870,988.541,3847.813,795.481,8197.278
250,48,4096,25,0,0.0,15,0.000,2532.963,58.880,946.031,3917.933,784.781,8240.588
250,48,4096,25,0,0.0,16,0.000,2556.393,66.260,946.340,3870.594,784.841,8224.428
250,48,4096,25,0,0.0,17,0.000,2514.592,57.500,942.651,3997.204,782.021,8293.968
250,48,4096,25,0,0.0,18,0.000,2570.272,67.250,943.231,3892.774,787.851,8261.378
250,48,4096,25,0,0.0,19,0.000,2511.522,59.170,990.851,3858.904,784.241,8204.688
250,48,4096,25,0,0.0,20,0.000,2541.782,58.850,944.931,3875.374,794.191,8215.128
250,48,4096,25,0,0.0,21,0.000,2497.993,57.790,940.761,3875.603,790.771,8162.918
250,48,4096,25,0,0.0,22,0.000,2527.202,58.870,945.611,3890.664,784.341,8206.688
250,48,4096,25,0,0.0,23,0.000,2529.902,61.470,948.401,3874.194,780.321,8194.288
250,48,4096,25,0,0.0,24,0.000,2538.222,57.260,946.601,3882.844,784.721,8209.648
250,48,4096,25,0,0.0,25,0.000,2488.803,58.620,987.721,3879.193,782.121,8196.458
250,48,4096,25,0,0.0,26,0.000,2536.613,57.590,941.921,3882.094,781.480,8199.698
250,48,4096,25,0,0.0,27,0.000,2512.742,57.840,944.361,3889.994,781.631,8186.568
250,48,4096,25,0,0.0,28,0.000,2509.552,58.080,993.321,3865.404,783.921,8210.278
250,48,4096,25,0,0.0,29,0.000,2529.302,59.870,941.401,3877.304,786.841,8194.718
250,48,4096,25,0,0.0,30,0.000,2500.262,60.530,944.361,3879.024,785.240,8169.417
300,50,4096,26,0,0.0,1,100.580,2561.212,59.340,935.591,4034.814,782.211,8373.168
300,50,4096,26,0,0.0,2,0.000,2527.153,60.410,968.531,4070.273,793.911,8420.278
300,50,4096,26,0,0.0,3,0.000,2509.373,96.880,940.361,4034.864,787.150,8368.628
300,50,4096,26,0,0.0,4,0.000,2519.932,60.150,939.760,4059.614,791.161,8370.617
300,50,4096,26,0,0.0,5,0.000,2532.323,62.990,939.541,4068.924,780.470,8384.248
300,50,4096,26,0,0.0,6,0.000,2470.563,59.330,989.411,4027.394,793.740,8340.438
300,50,4096,26,0,0.0,7,0.000,2525.912,58.780,940.521,4055.314,787.101,8367.628
300,50,4096,26,0,0.0,8,0.000,2530.633,55.920,936.550,4045.784,787.101,8355.988
300,50,4096,26,0,0.0,9,0.000,2502.672,57.741,936.230,4136.854,803.541,8437.038
300,50,4096,26,0,0.0,10,0.000,2498.182,58.440,944.151,4034.434,783.131,8318.338
300,50,4096,26,0,0.0,11,0.000,2645.792,59.830,935.131,4038.054,785.261,8464.068
300,50,4096,26,0,0.0,12,0.000,2483.453,56.820,941.621,4034.204,795.080,8311.178
300,50,4096,26,0,0.0,13,0.000,2459.492,58.090,992.801,4036.164,780.691,8327.238
300,50,4096,26,0,0.0,14,0.000,2517.332,58.960,942.991,4052.594,782.171,8354.048
300,50,4096,26,0,0.0,15,0.000,2488.532,59.940,967.321,4042.614,781.991,8340.398
300,50,4096,26,0,0.0,16,0.000,2517.612,58.150,941.181,4048.804,797.151,8362.898
300,50,4096,26,0,0.0,17,0.000,2475.053,102.620,942.671,4037.083,782.901,8340.328
300,50,4096,26,0,0.0,18,0.000,2474.543,59.840,938.781,4035.894,797.420,8306.478
300,50,4096,26,0,0.0,19,0.000,2544.263,60.370,942.211,4054.054,783.740,8384.638
300,50,4096,26,0,0.0,20,0.000,2464.713,59.060,940.421,4042.634,794.680,8301.508
300,50,4096,26,0,0.0,21,0.000,2485.142,59.550,940.161,4046.514,782.691,8314.058
300,50,4096,26,0,0.0,22,0.000,2478.823,59.200,940.901,4055.074,795.440,8329.438
300,50,4096,26,0,0.0,23,0.000,2512.783,58.720,941.041,4043.234,806.050,8361.828
300,50,4096,26,0,0.0,24,0.000,2511.603,57.620,987.531,4020.874,790.010,8367.638
300,50,4096,26,0,0.0,25,0.000,2517.572,59.990,939.681,4039.134,782.751,8339.128
300,50,4096,26,0,0.0,26,0.000,2521.323,57.530,943.471,4162.354,787.810,8472.488
300,50,4096,26,0,0.0,27,0.000,2554.312,63.620,938.161,4038.184,779.811,8374.088
300,50,4096,26,0,0.0,28,0.000,2538.653,59.840,938.721,4033.264,782.290,8352.768
300,50,4096,26,0,0.0,29,0.000,2510.753,59.070,993.881,4027.324,789.941,8380.969
300,50,4096,26,0,0.0,30,0.000,2504.492,58.030,939.581,4161.684,865.161,8528.948
350,51,4096,26,0,0.0,1,99.960,2543.073,61.570,940.371,4118.514,783.181,8446.709
350,51,4096,26,0,0.0,2,0.000,2461.392,57.460,1009.991,4166.994,795.571,8491.408
350,51,4096,26,0,0.0,3,0.000,2610.603,59.500,935.701,4190.444,805.560,8601.808
350,51,4096,26,0,0.0,4,0.000,2525.672,59.600,940.011,4118.354,786.011,8429.648
350,51,4096,26,0,0.0,5,0.000,2515.493,58.660,934.401,4133.194,791.690,8433.438
350,51,4096,26,0,0.0,6,0.000,2557.102,58.991,939.150,4129.574,784.421,8469.238
350,51,4096,26,0,0.0,7,0.000,2510.992,57.760,939.891,4125.724,784.191,8418.558
350,51,4096,26,0,0.0,8,0.000,2487.782,58.370,942.141,4142.064,790.501,8420.858
350,51,4096,26,0,0.0,9,0.000,2532.222,59.780,939.251,4119.094,785.991,8436.338
350,51,4096,26,0,0.0,10,0.000,2507.873,57.440,940.231,4122.264,791.891,8419.699
350,51,4096,26,0,0.0,11,0.000,2538.372,61.550,937.151,4115.044,783.221,8435.338
350,51,4096,26,0,0.0,12,0.000,2542.463,56.800,943.961,4119.564,780.560,8443.348
350,51,4096,26,0,0.0,13,0.000,2497.002,57.880,939.761,4136.194,794.661,8425.498
350,51,4096,26,0,0.0,14,0.000,2494.612,56.920,1127.211,4112.494,787.921,8579.158
350,51,4096,26,0,0.0,15,0.000,2535.062,58.650,946.151,4386.764,796.221,8722.848
350,51,4096,26,0,0.0,16,0.000,2524.043,57.090,939.861,4126.284,790.251,8437.529
350,51,4096,26,0,0.0,17,0.000,2528.752,57.430,942.951,4115.624,798.011,8442.768
350,51,4096,26,0,0.0,18,0.000,2531.053,59.370,941.671,4218.214,788.750,8539.058
350,51,4096,26,0,0.0,19,0.000,2478.812,58.331,981.010,4110.064,785.751,8413.968
350,51,4096,26,0,0.0,20,0.000,2473.033,56.190,939.411,4126.233,788.091,8382.958
350,51,4096,26,0,0.0,21,0.000,2515.072,56.790,941.841,4132.764,797.131,8443.598
350,51,4096,26,0,0.0,22,0.000,2530.042,58.680,942.501,4116.034,792.961,8440.218
350,51,4096,26,0,0.0,23,0.000,2583.073,59.530,942.781,4120.334,784.400,8490.118
350,51,4096,26,0,0.0,24,0.000,2550.743,58.830,942.821,4125.983,786.661,8465.038
350,51,4096,26,0,0.0,25,0.000,2505.432,56.760,939.621,4128.154,784.231,8414.198
350,51,4096,26,0,0.0,26,0.000,2510.063,56.630,988.791,4191.514,791.310,8538.308
350,51,4096,26,0,0.0,27,0.000,2503.333,58.710,940.591,4122.774,799.500,8424.908
350,51,4096,26,0,0.0,28,0.000,2645.823,61.480,940.891,4125.453,781.991,8555.638
350,51,4096,26,0,0.0,29,0.000,2530.103,57.040,939.971,4136.244,787.370,8450.728
350,51,4096,26,0,0.0,30,0.000,2522.152,57.700,941.101,4123.604,784.931,8429.488
400,52,4096,27,0,0.0,1,103.320,2512.313,59.310,937.761,4231.884,808.041,8549.309
400,52,4096,27,0,0.0,2,0.000,2517.022,59.380,947.541,4359.234,789.401,8672.578
400,52,4096,27,0,0.0,3,0.000,2518.993,58.350,937.581,4239.824,788.600,8543.348
400,52,4096,27,0,0.0,4,0.000,2504.402,58.150,979.971,4182.384,787.611,8512.518
400,52,4096,27,0,0.0,5,0.000,2530.902,58.631,946.000,4209.035,778.920,8523.488
400,52,4096,27,0,0.0,6,0.000,2520.972,60.790,943.391,4198.624,780.821,8504.598
400,52,4096,27,0,0.0,7,0.000,2472.183,55.360,944.361,4214.804,816.061,8502.769
400,52,4096,27,0,0.0,8,0.000,2549.012,57.380,937.361,4215.494,781.411,8540.658
400,52,4096,27,0,0.0,9,0.000,2512.232,58.360,977.311,4173.014,784.661,8505.578
400,52,4096,27,0,0.0,10,0.000,2529.623,58.560,942.341,4282.874,785.851,8599.249
400,52,4096,27,0,0.0,11,0.000,2522.223,58.810,944.631,4191.264,799.071,8515.999
400,52,4096,27,0,0.0,12,0.000,2484.723,57.840,984.141,4178.914,797.300,8502.918
400,52,4096,27,0,0.0,13,0.000,2538.093,74.870,940.901,4199.314,786.051,8539.229
400,52,4096,27,0,0.0,14,0.000,2525.612,60.820,941.701,4246.174,802.801,8577.108
400,52,4096,27,0,0.0,15,0.000,2497.832,58.720,944.951,4202.284,786.191,8489.978
400,52,4096,27,0,0.0,16,0.000,2476.123,57.390,973.211,4179.324,783.971,8470.019
400,52,4096,27,0,0.0,17,0.000,2539.982,59.200,940.661,4205.764,793.021,8538.628
400,52,4096,27,0,0.0,18,0.000,2452.523,59.310,1010.981,4193.454,785.070,8501.338
400,52,4096,27,0,0.0,19,0.000,2547.762,58.000,945.521,4204.464,800.391,8556.138
400,52,4096,27,0,0.0,20,0.000,2472.722,56.340,989.501,4265.834,783.231,8567.628
400,52,4096,27,0,0.0,21,0.000,2515.802,56.480,940.421,4214.094,787.371,8514.168
400,52,4096,27,0,0.0,22,0.000,2491.902,58.481,1050.381,4181.104,783.320,8565.188
400,52,4096,27,0,0.0,23,0.000,2503.862,58.201,976.640,4182.944,783.291,8504.938
400,52,4096,27,0,0.0,24,0.000,2552.023,61.770,937.300,4203.515,787.760,8542.368
400,52,4096,27,0,0.0,25,0.000,2482.282,59.040,939.931,4235.054,780.471,8496.778
400,52,4096,27,0,0.0,26,0.000,2505.502,57.140,944.141,4212.364,786.521,8505.668
400,52,4096,27,0,0.0,27,0.000,2531.053,57.300,944.571,4206.774,790.790,8530.488
400,52,4096,27,0,0.0,28,0.000,2507.552,57.910,943.361,4215.894,785.431,8510.148
400,52,4096,27,0,0.0,29,0.000,2542.243,58.430,942.121,4191.144,775.770,8509.708
400,52,4096,27,0,0.0,30,0.000,2494.602,58.130,986.921,4184.244,785.191,8509.088
450,53,4096,27,0,0.0,1,105.790,2515.423,59.120,939.981,4284.284,790.370,8589.178
450,53,4096,27,0,0.0,2,0.000,2516.892,61.200,942.941,4282.244,783.801,8587.078
450,53,4096,27,0,0.0,3,0.000,2452.173,56.130,1062.871,4272.524,794.070,8637.768
450,53,4096,27,0,0.0,4,0.000,2506.833,59.140,943.581,4287.564,802.081,8599.199
450,53,4096,27,0,0.0,5,0.000,2438.702,56.870,981.881,4270.664,785.071,8533.188
450,53,4096,27,0,0.0,6,0.000,2528.352,58.750,940.421,4289.894,796.271,8613.688
450,53,4096,27,0,0.0,7,0.000,2515.633,59.400,937.551,4288.354,782.511,8583.449
450,53,4096,27,0,0.0,8,0.000,2503.912,93.670,941.121,4274.424,788.001,8601.128
450,53,4096,27,0,0.0,9,0.000,2552.622,58.970,943.881,4280.064,800.061,8635.598
450,53,4096,27,0,0.0,10,0.000,2478.513,59.800,991.251,4259.374,785.431,8574.369
450,53,4096,27,0,0.0,11,0.000,2523.243,59.250,941.321,4279.974,785.901,8589.689
450,53,4096,27,0,0.0,12,0.000,2521.363,57.750,940.840,4279.725,787.570,8587.248
450,53,4096,27,0,0.0,13,0.000,2486.163,58.680,1009.561,4266.964,787.571,8608.939
450,53,4096,27,0,0.0,14,0.000,2515.522,58.900,943.661,4379.574,786.401,8684.058
450,53,4096,27,0,0.0,15,0.000,2505.532,58.830,935.351,4292.694,786.341,8578.748
450,53,4096,27,0,0.0,16,0.000,2623.123,60.520,937.611,4291.644,781.641,8694.539
450,53,4096,27,0,0.0,17,0.000,2510.212,58.630,975.521,4286.604,787.111,8618.078
450,53,4096,27,0,0.0,18,0.000,2535.863,60.440,936.441,4284.854,796.800,8614.398
450,53,4096,27,0,0.0,19,0.000,2539.382,57.850,941.541,4284.154,785.331,8608.258
450,53,4096,27,0,0.0,20,0.000,2516.922,59.190,940.441,4290.084,794.941,8601.578
450,53,4096,27,0,0.0,21,0.000,2490.973,60.230,992.771,4262.354,782.411,8588.739
450,53,4096,27,0,0.0,22,0.000,2504.792,57.750,941.581,4287.854,802.241,8594.218
450,53,4096,27,0,0.0,23,0.000,2499.932,57.500,937.791,4274.384,784.061,8553.668
450,53,4096,27,0,0.0,24,0.000,2500.133,59.180,940.430,4310.275,789.180,8599.198
450,53,4096,27,0,0.0,25,0.000,2513.742,58.400,945.701,4292.794,786.021,8596.658
450,53,4096,27,0,0.0,26,0.000,2438.132,101.930,945.091,4282.874,780.231,8548.258
450,53,4096,27,0,0.0,27,0.000,2496.553,57.080,990.051,4260.054,785.390,8589.128
450,53,4096,27,0,0.0,28,0.000,2532.532,57.170,938.221,4270.854,780.961,8579.738
450,53,4096,27,0,0.0,29,0.000,2525.112,58.910,940.211,4300.475,788.370,8613.078
450,53,4096,27,0,0.0,30,0.000,2509.372,59.730,939.401,4276.284,785.931,8570.718
500,54,4096,28,0,0.0,1,97.860,2502.673,57.100,995.211,4345.964,784.081,8685.029
500,54,4096,28,0,0.0,2,0.000,2492.292,59.220,943.001,4363.905,780.340,8638.758
500,54,4096,28,0,0.0,3,0.000,2533.673,57.890,940.901,4370.934,800.370,8703.768
500,54,4096,28,0,0.0,4,0.000,2529.843,58.520,945.741,4370.124,784.231,8688.459
500,54,4096,28,0,0.0,5,0.000,2512.772,57.280,941.911,4382.164,791.201,8685.328
500,54,4096,28,0,0.0,6,0.000,2504.112,59.210,941.461,4461.484,787.281,8753.548
500,54,4096,28,0,0.0,7,0.000,2493.263,58.190,980.501,4353.084,780.511,8665.549
500,54,4096,28,0,0.0,8,0.000,2448.822,59.910,938.671,4367.934,797.531,8612.868
500,54,4096,28,0,0.0,9,0.000,2530.682,60.270,941.281,4361.004,787.281,8680.518
500,54,4096,28,0,0.0,10,0.000,2555.423,60.780,937.061,4355.454,795.771,8704.489
500,54,4096,28,0,0.0,11,0.000,2478.552,56.680,1234.461,4343.174,791.381,8904.248
500,54,4096,28,0,0.0,12,0.000,2523.573,59.010,939.571,4362.874,781.601,8666.629
500,54,4096,28,0,0.0,13,0.000,2480.093,58.660,936.811,4363.974,782.531,8622.069
500,54,4096,28,0,0.0,14,0.000,2466.512,58.260,983.831,4344.214,788.361,8641.178
500,54,4096,28,0,0.0,15,0.000,2480.192,55.560,945.221,4386.564,784.051,8651.588
500,54,4096,28,0,0.0,16,0.000,2536.232,57.140,946.901,4372.994,779.021,8692.288
500,54,4096,28,0,0.0,17,0.000,2606.522,59.200,940.061,4356.305,784.550,8746.638
500,54,4096,28,0,0.0,18,0.000,2540.803,58.510,940.521,4365.874,782.251,8687.959
500,54,4096,28,0,0.0,19,0.000,2466.532,60.310,983.061,4368.574,791.251,8669.728
500,54,4096,28,0,0.0,20,0.000,2517.922,59.140,941.101,4358.705,782.820,8659.688
500,54,4096,28,0,0.0,21,0.000,2482.223,59.640,941.671,4372.904,792.911,8649.349
500,54,4096,28,0,0.0,22,0.000,2529.352,57.730,940.691,4360.795,782.650,8671.218
500,54,4096,28,0,0.0,23,0.000,2453.822,58.750,986.451,4358.524,785.441,8642.988
500,54,4096,28,0,0.0,24,0.000,2518.063,56.720,943.880,4362.715,781.420,8662.798
500,54,4096,28,0,0.0,25,0.000,2531.802,66.520,943.681,4348.404,780.351,8670.758
500,54,4096,28,0,0.0,26,0.000,2462.552,55.600,942.541,4374.414,792.081,8627.188
500,54,4096,28,0,0.0,27,0.000,2511.073,57.490,941.810,4368.345,793.920,8672.638
500,54,4096,28,0,0.0,28,0.000,2453.852,57.770,989.221,4342.024,778.061,8620.928
500,54,4096,28,0,0.0,29,0.000,2510.672,56.980,943.111,4465.945,781.520,8758.228
500,54,4096,28,0,0.0,30,0.000,2534.812,61.080,941.271,4362.234,784.381,8683.778
550,55,4096,28,0,0.0,1,102.950,2488.253,56.960,936.901,4448.704,794.181,8724.999
550,55,4096,28,0,0.0,2,0.000,2592.513,60.320,938.140,4453.005,790.401,8834.379
550,55,4096,28,0,0.0,3,0.000,2541.103,59.550,937.421,4434.854,785.221,8758.149
550,55,4096,28,0,0.0,4,0.000,2520.032,61.420,976.081,4449.684,791.661,8798.878
550,55,4096,28,0,0.0,5,0.000,2505.062,58.830,940.031,4448.185,778.250,8730.358
550,55,4096,28,0,0.0,6,0.000,2467.722,100.140,942.671,4433.515,787.960,8732.008
550,55,4096,28,0,0.0,7,0.000,2503.063,58.680,939.431,4443.984,799.031,8744.189
550,55,4096,28,0,0.0,8,0.000,2532.612,58.770,943.881,4456.205,788.310,8779.778
550,55,4096,28,0,0.0,9,0.000,2472.282,56.680,981.951,4436.535,791.560,8739.008
550,55,4096,28,0,0.0,10,0.000,2552.733,59.780,940.981,4439.634,778.211,8771.339
550,55,4096,28,0,0.0,11,0.000,2479.232,59.170,939.821,4454.035,782.050,8714.308
550,55,4096,28,0,0.0,12,0.000,2502.133,55.840,986.231,4411.084,792.521,8747.809
550,55,4096,28,0,0.0,13,0.000,2533.603,55.440,943.431,4450.174,779.531,8762.179
550,55,4096,28,0,0.0,14,0.000,2538.882,58.790,937.401,4433.754,802.651,8771.478
550,55,4096,28,0,0.0,15,0.000,2511.402,61.270,945.341,4428.594,780.971,8727.578
550,55,4096,28,0,0.0,16,0.000,2485.002,56.890,978.181,4423.184,780.531,8723.788
550,55,4096,28,0,0.0,17,0.000,2526.413,58.310,944.821,4445.994,793.351,8768.889
550,55,4096,28,0,0.0,18,0.000,2479.043,57.330,985.541,4453.034,788.401,8763.349
550,55,4096,28,0,0.0,19,0.000,2542.822,57.770,941.311,4436.844,794.371,8773.118
550,55,4096,28,0,0.0,20,0.000,2463.672,55.760,1008.721,4428.215,781.210,8737.578
550,55,4096,28,0,0.0,21,0.000,2547.103,58.190,944.801,4441.054,783.821,8774.969
550,55,4096,28,0,0.0,22,0.000,2449.012,57.550,987.651,4420.395,786.510,8701.118
550,55,4096,28,0,0.0,23,0.000,2517.212,57.840,937.131,4546.725,789.250,8848.158
550,55,4096,28,0,0.0,24,0.000,2534.833,62.070,940.221,4498.024,787.691,8822.839
550,55,4096,28,0,0.0,25,0.000,2502.352,56.380,938.971,4564.074,785.801,8847.578
550,55,4096,28,0,0.0,26,0.000,2534.962,56.720,943.861,4436.125,786.730,8758.398
550,55,4096,28,0,0.0,27,0.000,2550.013,60.240,942.251,4434.724,786.051,8773.279
550,55,4096,28,0,0.0,28,0.000,2511.822,58.120,941.931,4434.074,791.421,8737.368
550,55,4096,28,0,0.0,29,0.000,2587.543,67.080,939.081,4441.794,786.411,8821.909
550,55,4096,28,0,0.0,30,0.000,2470.552,58.090,940.701,4462.394,788.411,8720.148
600,56,4096,29,0,0.0,1,98.480,2503.313,56.760,944.921,4533.744,784.031,8822.769
600,56,4096,29,0,0.0,2,0.000,2520.683,62.360,936.291,4504.694,780.601,8804.629
600,56,4096,29,0,0.0,3,0.000,2443.333,58.780,988.631,4504.684,780.201,8775.629
600,56,4096,29,0,0.0,4,0.000,2540.542,58.560,943.371,4526.155,824.950,8893.578
600,56,4096,29,0,0.0,5,0.000,2479.392,56.970,988.321,4510.445,783.620,8818.748
600,56,4096,29,0,0.0,6,0.000,2461.422,56.901,944.230,4542.945,790.221,8795.719
600,56,4096,29,0,0.0,7,0.000,2524.503,58.030,940.611,4531.594,780.501,8835.239
600,56,4096,29,0,0.0,8,0.000,2500.352,94.980,944.121,4512.995,778.780,8831.228
600,56,4096,29,0,0.0,9,0.000,2541.983,60.450,939.590,4514.845,794.551,8851.419
600,56,4096,29,0,0.0,10,0.000,2449.072,100.950,947.251,4502.344,784.471,8784.088
600,56,4096,29,0,0.0,11,0.000,2546.732,58.670,944.371,4507.145,789.620,8846.538
600,56,4096,29,0,0.0,12,0.000,2533.663,57.430,941.641,4519.844,802.781,8855.359
600,56,4096,29,0,0.0,13,0.000,2455.962,55.990,972.951,4493.854,785.641,8764.398
600,56,4096,29,0,0.0,14,0.000,2524.952,55.820,942.111,4533.135,787.300,8843.318
600,56,4096,29,0,0.0,15,0.000,2497.922,57.630,937.631,4581.115,783.420,8857.718
600,56,4096,29,0,0.0,16,0.000,2549.802,57.080,940.331,4527.625,790.880,8865.718
600,56,4096,29,0,0.0,17,0.000,2474.553,59.480,1082.601,4559.214,781.601,8957.449
600,56,4096,29,0,0.0,18,0.000,2500.602,58.600,940.081,4523.344,794.961,8817.588
600,56,4096,29,0,0.0,19,0.000,2638.522,60.530,939.621,4519.475,788.860,8947.008
600,56,4096,29,0,0.0,20,0.000,2540.583,57.120,942.141,4517.684,794.611,8852.139
600,56,4096,29,0,0.0,21,0.000,2490.622,59.690,989.191,4524.004,782.401,8845.908
600,56,4096,29,0,0.0,22,0.000,2515.002,59.171,941.070,4550.205,793.381,8858.829
600,56,4096,29,0,0.0,23,0.000,2539.622,57.751,939.960,4520.425,780.141,8837.899
600,56,4096,29,0,0.0,24,0.000,2420.703,57.210,942.431,4534.674,785.551,8740.569
600,56,4096,29,0,0.0,25,0.000,2658.112,61.600,936.381,4516.375,790.180,8962.648
600,56,4096,29,0,0.0,26,0.000,2486.192,59.071,988.470,4503.755,788.931,8826.419
600,56,4096,29,0,0.0,27,0.000,2484.773,56.560,978.221,4500.544,791.071,8811.169
600,56,4096,29,0,0.0,28,0.000,2523.112,57.970,939.921,4514.835,786.090,8821.928
600,56,4096,29,0,0.0,29,0.000,2467.812,59.280,976.031,4499.984,794.721,8797.828
600,56,4096,29,0,0.0,30,0.000,2518.352,57.460,938.241,4532.415,787.510,8833.978
650,57,4096,29,0,0.0,1,103.080,2487.222,59.760,990.751,4591.514,786.191,8915.438
650,57,4096,29,0,0.0,2,0.000,2497.823,58.120,943.951,4623.124,787.281,8910.299
650,57,4096,29,0,0.0,3,0.000,2498.492,56.970,940.171,4631.554,790.181,8917.368
650,57,4096,29,0,0.0,4,0.000,2543.433,58.770,939.410,4605.875,784.441,8931.929
650,57,4096,29,0,0.0,5,0.000,2534.483,56.920,941.601,4597.764,788.981,8919.749
650,57,4096,29,0,0.0,6,0.000,2521.313,57.750,940.641,4614.234,785.691,8919.629
650,57,4096,29,0,0.0,7,0.000,2536.782,60.430,939.921,4601.344,782.061,8920.538
650,57,4096,29,0,0.0,8,0.000,2473.123,57.420,941.121,4631.314,786.111,8889.089
650,57,4096,29,0,0.0,9,0.000,2612.593,59.380,939.191,4651.744,785.971,9048.879
650,57,4096,29,0,0.0,10,0.000,2499.342,58.150,940.161,4611.395,792.620,8901.668
650,57,4096,29,0,0.0,11,0.000,2642.653,61.170,937.021,4582.754,788.831,9012.429
650,57,4096,29,0,0.0,12,0.000,2529.972,58.400,939.921,4584.954,783.901,8897.148
650,57,4096,29,0,0.0,13,0.000,2618.912,59.980,939.951,4594.015,805.051,9017.909
650,57,4096,29,0,0.0,14,0.000,2470.473,57.850,985.671,4666.244,784.381,8964.619
650,57,4096,29,0,0.0,15,0.000,2513.423,59.590,940.311,4591.974,793.581,8898.879
650,57,4096,29,0,0.0,16,0.000,2534.872,57.771,945.740,4599.805,787.511,8925.699
650,57,4096,29,0,0.0,17,0.000,2508.092,59.140,940.611,4619.375,788.540,8915.758
650,57,4096,29,0,0.0,18,0.000,2491.232,55.500,938.181,4595.814,781.231,8861.958
650,57,4096,29,0,0.0,19,0.000,2502.043,57.640,982.891,4609.714,781.351,8933.639
650,57,4096,29,0,0.0,20,0.000,2521.633,58.860,940.801,4589.914,784.871,8896.079
650,57,4096,29,0,0.0,21,0.000,2515.452,57.731,938.960,4612.425,781.841,8906.409
650,57,4096,29,0,0.0,22,0.000,2532.933,57.230,940.571,4598.714,788.131,8917.579
650,57,4096,29,0,0.0,23,0.000,2511.263,62.660,940.821,4588.314,785.951,8889.009
650,57,4096,29,0,0.0,24,0.000,2487.833,57.980,939.321,4603.894,787.801,8876.829
650,57,4096,29,0,0.0,25,0.000,2525.113,58.320,942.001,4598.104,789.931,8913.469
650,57,4096,29,0,0.0,26,0.000,2507.533,58.130,941.641,4628.664,786.991,8922.959
650,57,4096,29,0,0.0,27,0.000,2562.012,58.530,940.791,4633.025,791.170,8985.528
650,57,4096,29,0,0.0,28,0.000,2447.613,94.790,943.801,4585.334,788.281,8859.819
650,57,4096,29,0,0.0,29,0.000,2516.822,57.500,939.521,4616.014,790.771,8920.628
650,57,4096,29,0,0.0,30,0.000,2515.302,57.091,941.610,4609.285,781.731,8905.019
700,57,4096,29,0,0.0,1,116.060,2470.582,57.420,939.451,4811.835,788.811,9068.099
700,57,4096,29,0,0.0,2,0.000,2637.242,59.970,940.131,4607.135,799.950,9044.428
700,57,4096,29,0,0.0,3,0.000,2496.312,58.230,942.321,4692.285,786.691,8975.839
700,57,4096,29,0,0.0,4,0.000,2460.303,57.700,985.401,4594.884,782.011,8880.299
700,57,4096,29,0,0.0,5,0.000,2646.382,60.630,937.371,4608.174,791.681,9044.238
700,57,4096,29,0,0.0,6,0.000,2508.982,58.330,939.121,4606.954,785.361,8898.748
700,57,4096,29,0,0.0,7,0.000,2513.843,61.010,975.921,4574.934,782.561,8908.269
700,57,4096,29,0,0.0,8,0.000,2525.162,59.240,943.541,4608.194,803.831,8939.968
700,57,4096,29,0,0.0,9,0.000,2451.382,99.160,944.311,4586.844,780.751,8862.448
700,57,4096,29,0,0.0,10,0.000,2526.863,58.130,939.921,4588.554,800.151,8913.619
700,57,4096,29,0,0.0,11,0.000,2507.012,60.070,991.131,4606.524,790.651,8955.388
700,57,4096,29,0,0.0,12,0.000,2505.982,56.790,989.031,4586.605,779.641,8918.049
700,57,4096,29,0,0.0,13,0.000,2537.573,59.050,939.801,4620.364,786.431,8943.219
700,57,4096,29,0,0.0,14,0.000,2479.812,57.750,939.151,4615.074,792.981,8884.768
700,57,4096,29,0,0.0,15,0.000,2557.212,59.310,939.541,4606.214,786.161,8948.438
700,57,4096,29,0,0.0,16,0.000,2436.982,58.840,990.041,4584.214,784.431,8854.508
700,57,4096,29,0,0.0,17,0.000,2505.003,57.730,939.650,4596.025,803.691,8902.099
700,57,4096,29,0,0.0,18,0.000,2505.232,57.390,990.251,4583.305,783.901,8920.079
700,57,4096,29,0,0.0,19,0.000,2513.442,58.000,941.851,4616.064,779.661,8909.018
700,57,4096,29,0,0.0,20,0.000,2499.752,57.490,994.921,4587.884,782.151,8922.198
700,57,4096,29,0,0.0,21,0.000,2525.853,58.510,940.041,4604.114,788.121,8916.639
700,57,4096,29,0,0.0,22,0.000,2441.222,57.830,1009.061,4622.174,782.551,8912.838
700,57,4096,29,0,0.0,23,0.000,2511.062,57.170,990.201,4612.024,782.781,8953.238
700,57,4096,29,0,0.0,24,0.000,2541.722,58.440,943.951,4610.975,782.970,8938.058
700,57,4096,29,0,0.0,25,0.000,2514.373,59.230,989.311,4579.324,781.621,8923.859
700,57,4096,29,0,0.0,26,0.000,2520.922,58.330,939.871,4610.504,887.191,9016.818
700,57,4096,29,0,0.0,27,0.000,2504.272,58.430,948.231,4599.635,791.591,8902.159
700,57,4096,29,0,0.0,28,0.000,2460.583,56.480,941.141,4712.864,793.961,8965.029
700,57,4096,29,0,0.0,29,0.000,2521.932,59.280,940.651,4590.955,790.431,8903.249
700,57,4096,29,0,0.0,30,0.000,2513.312,58.560,979.911,4598.474,790.481,8940.738
750,58,4096,30,0,0.0,1,104.680,2541.413,59.450,944.041,4675.364,805.171,9025.439
750,58,4096,30,0,0.0,2,0.000,2519.523,59.700,940.941,4674.164,776.581,8970.909
750,58,4096,30,0,0.0,3,0.000,2559.433,63.090,940.371,4672.464,788.881,9024.239
750,58,4096,30,0,0.0,4,0.000,2450.002,59.190,940.271,4688.465,789.350,8927.278
750,58,4096,30,0,0.0,5,0.000,2538.062,61.970,941.091,4681.215,791.081,9013.419
750,58,4096,30,0,0.0,6,0.000,2479.842,56.680,994.701,4686.685,789.211,9007.119
750,58,4096,30,0,0.0,7,0.000,2502.733,58.640,943.811,4683.124,791.061,8979.369
750,58,4096,30,0,0.0,8,0.000,2538.202,58.270,939.471,4937.965,786.601,9260.509
750,58,4096,30,0,0.0,9,0.000,2484.492,57.790,940.791,4718.965,794.351,8996.389
750,58,4096,30,0,0.0,10,0.000,2540.912,59.910,939.961,4670.664,784.641,8996.088
750,58,4096,30,0,0.0,11,0.000,2512.722,59.220,940.061,4669.955,793.831,8975.789
750,58,4096,30,0,0.0,12,0.000,2503.853,58.360,940.781,4704.574,788.631,8996.199
750,58,4096,30,0,0.0,13,0.000,2516.672,62.410,938.651,4665.995,781.690,8965.418
750,58,4096,30,0,0.0,14,0.000,2510.232,58.240,939.801,4682.805,788.180,8979.258
750,58,4096,30,0,0.0,15,0.000,2517.062,56.970,988.761,4655.705,786.350,9004.848
750,58,4096,30,0,0.0,16,0.000,2465.392,59.830,935.181,4682.915,787.241,8930.559
750,58,4096,30,0,0.0,17,0.000,2528.613,59.440,939.091,4684.994,790.691,9002.829
750,58,4096,30,0,0.0,18,0.000,2502.773,58.920,941.151,4706.624,781.381,8990.849
750,58,4096,30,0,0.0,19,0.000,2514.552,59.800,941.411,4691.695,783.740,8991.198
750,58,4096,30,0,0.0,20,0.000,2509.002,58.031,941.800,4785.385,788.391,9082.609
750,58,4096,30,0,0.0,21,0.000,2556.752,59.840,939.021,4666.415,786.430,9008.458
750,58,4096,30,0,0.0,22,0.000,2478.382,59.680,943.761,4793.045,789.701,9064.569
750,58,4096,30,0,0.0,23,0.000,2508.012,59.090,937.611,4672.085,820.091,8996.889
750,58,4096,30,0,0.0,24,0.000,2516.703,60.140,984.531,4657.094,789.961,9008.429
750,58,4096,30,0,0.0,25,0.000,2512.672,59.480,939.461,4682.035,794.740,8988.388
750,58,4096,30,0,0.0,26,0.000,2520.322,59.370,941.411,4676.375,784.531,8982.009
750,58,4096,30,0,0.0,27,0.000,2519.603,63.170,944.951,4678.814,782.821,8989.359
750,58,4096,30,0,0.0,28,0.000,2536.442,58.180,939.921,4680.865,793.690,9009.098
750,58,4096,30,0,0.0,29,0.000,2530.843,57.520,980.641,4682.784,783.591,9035.379
750,58,4096,30,0,0.0,30,0.000,2516.142,57.980,940.321,4699.655,786.490,9000.588
800,58,4096,30,0,0.0,1,101.130,2528.392,58.200,945.871,4713.845,789.020,9035.328
800,58,4096,30,0,0.0,2,0.000,2516.192,57.900,982.271,4676.245,783.070,9015.678
800,58,4096,30,0,0.0,3,0.000,2516.362,57.700,979.351,4691.144,793.101,9037.658
800,58,4096,30,0,0.0,4,0.000,2492.062,57.291,942.150,4691.555,801.771,8984.829
800,58,4096,30,0,0.0,5,0.000,2517.133,55.920,980.141,4663.684,784.761,9001.639
800,58,4096,30,0,0.0,6,0.000,2519.363,58.980,941.151,4687.974,796.271,9003.739
800,58,4096,30,0,0.0,7,0.000,2492.682,59.550,935.291,4664.975,790.881,8943.379
800,58,4096,30,0,0.0,8,0.000,2475.482,60.740,980.361,4654.844,782.481,8953.908
800,58,4096,30,0,0.0,9,0.000,2531.683,57.750,937.031,4683.874,794.611,9004.949
800,58,4096,30,0,0.0,10,0.000,2513.172,56.650,992.191,4650.935,786.371,8999.319
800,58,4096,30,0,0.0,11,0.000,2492.033,57.030,940.581,4682.074,784.831,8956.549
800,58,4096,30,0,0.0,12,0.000,2561.902,59.830,940.471,4678.505,878.801,9119.509
800,58,4096,30,0,0.0,13,0.000,2463.642,58.060,945.161,4700.295,781.621,8948.779
800,58,4096,30,0,0.0,14,0.000,2541.263,55.930,940.451,4771.874,785.311,9094.829
800,58,4096,30,0,0.0,15,0.000,2474.903,55.760,942.461,4691.084,786.751,8950.959
800,58,4096,30,0,0.0,16,0.000,2602.483,59.860,936.991,4691.124,797.241,9087.699
800,58,4096,30,0,0.0,17,0.000,2463.542,57.620,987.301,4661.355,788.151,8957.969
800,58,4096,30,0,0.0,18,0.000,2538.102,61.010,937.531,4674.555,823.071,9034.269
800,58,4096,30,0,0.0,19,0.000,2489.893,59.840,943.781,4676.834,782.671,8953.019
800,58,4096,30,0,0.0,20,0.000,2496.252,58.720,940.321,4686.804,805.691,8987.788
800,58,4096,30,0,0.0,21,0.000,2468.643,57.270,993.661,4658.344,788.891,8966.809
800,58,4096,30,0,0.0,22,0.000,2522.163,57.730,940.881,4689.674,795.631,9006.079
800,58,4096,30,0,0.0,23,0.000,2609.583,58.670,943.081,4676.904,789.741,9077.979
800,58,4096,30,0,0.0,24,0.000,2524.312,58.810,941.591,4696.674,785.731,9007.118
800,58,4096,30,0,0.0,25,0.000,2514.082,58.221,939.090,4687.625,781.911,8980.929
800,58,4096,30,0,0.0,26,0.000,2468.923,58.670,993.271,4663.664,783.451,8967.979
800,58,4096,30,0,0.0,27,0.000,2496.852,57.260,988.901,4656.735,784.260,8984.008
800,58,4096,30,0,0.0,28,0.000,2634.153,59.850,940.011,4666.934,775.671,9076.619
800,58,4096,30,0,0.0,29,0.000,2502.232,58.310,938.351,4689.575,790.720,8979.188
800,58,4096,30,0,0.0,30,0.000,2529.543,58.930,939.731,4690.234,785.271,9003.709
850,59,4096,30,0,0.0,1,151.660,2534.583,64.330,938.681,4745.184,787.951,9070.729
850,59,4096,30,0,0.0,2,0.000,2489.523,58.040,937.510,4782.845,790.161,9058.079
850,59,4096,30,0,0.0,3,0.000,2506.302,56.170,939.301,4775.325,795.511,9072.609
850,59,4096,30,0,0.0,4,0.000,2510.633,57.850,941.971,4755.794,782.631,9048.879
850,59,4096,30,0,0.0,5,0.000,2501.232,56.580,939.181,4765.115,789.400,9051.508
850,59,4096,30,0,0.0,6,0.000,2538.352,56.840,940.931,4852.435,794.551,9183.109
850,59,4096,30,0,0.0,7,0.000,2534.373,63.190,937.461,4751.594,784.901,9071.519
850,59,4096,30,0,0.0,8,0.000,2504.342,60.410,978.391,4730.545,783.011,9056.699
850,59,4096,30,0,0.0,9,0.000,2522.452,56.000,943.091,4754.965,784.260,9060.768
850,59,4096,30,0,0.0,10,0.000,2514.052,59.310,936.071,4763.974,788.831,9062.238
850,59,4096,30,0,0.0,11,0.000,2539.632,62.740,940.681,4770.695,782.390,9096.138
850,59,4096,30,0,0.0,12,0.000,2542.213,58.020,938.131,4765.054,781.761,9085.179
850,59,4096,30,0,0.0,13,0.000,2530.813,58.020,939.391,4754.564,806.881,9089.669
850,59,4096,30,0,0.0,14,0.000,2508.012,56.690,989.331,4741.315,779.960,9075.308
850,59,4096,30,0,0.0,15,0.000,2503.442,57.630,941.531,4754.204,797.041,9053.848
850,59,4096,30,0,0.0,16,0.000,2522.942,60.200,939.581,4760.385,787.500,9070.608
850,59,4096,30,0,0.0,17,0.000,2467.973,58.180,941.480,4773.865,793.711,9035.209
850,59,4096,30,0,0.0,18,0.000,2498.593,58.900,940.361,4761.284,783.701,9042.839
850,59,4096,30,0,0.0,19,0.000,2510.172,57.650,978.901,4736.105,787.820,9070.648
850,59,4096,30,0,0.0,20,0.000,2521.002,58.590,939.951,4756.295,793.601,9069.439
850,59,4096,30,0,0.0,21,0.000,2504.592,58.310,941.911,4781.614,784.891,9071.318
850,59,4096,30,0,0.0,22,0.000,2535.312,58.810,941.311,4759.335,778.880,9073.648
850,59,4096,30,0,0.0,23,0.000,2544.702,63.540,942.511,4771.355,791.131,9113.239
850,59,4096,30,0,0.0,24,0.000,2573.232,58.900,945.321,4870.085,802.701,9250.239
850,59,4096,30,0,0.0,25,0.000,2538.823,61.330,936.821,4748.314,788.191,9073.479
850,59,4096,30,0,0.0,26,0.000,2510.262,57.860,940.511,4776.765,787.101,9072.499
850,59,4096,30,0,0.0,27,0.000,2512.202,59.151,941.000,4757.015,787.611,9056.979
850,59,4096,30,0,0.0,28,0.000,2463.302,58.050,992.351,4736.805,775.580,9026.088
850,59,4096,30,0,0.0,29,0.000,2495.533,57.120,938.021,4858.654,796.321,9145.649
850,59,4096,30,0,0.0,30,0.000,2652.532,59.760,938.381,4753.415,783.840,9187.928
900,59,4096,30,0,0.0,1,106.690,2499.472,58.480,981.231,4771.295,789.081,9099.559
900,59,4096,30,0,0.0,2,0.000,2658.852,60.270,936.441,4782.705,794.840,9233.108
900,59,4096,30,0,0.0,3,0.000,2525.733,58.420,947.601,4765.994,787.881,9085.629
900,59,4096,30,0,0.0,4,0.000,2497.262,59.920,985.061,4769.315,784.921,9096.479
900,59,4096,30,0,0.0,5,0.000,2494.753,57.970,940.291,4766.454,789.711,9049.179
900,59,4096,30,0,0.0,6,0.000,2529.983,58.600,938.571,4765.844,789.941,9082.939
900,59,4096,30,0,0.0,7,0.000,2472.862,57.260,972.941,4737.255,788.451,9028.769
900,59,4096,30,0,0.0,8,0.000,2536.202,59.850,939.451,4775.544,802.901,9113.948
900,59,4096,30,0,0.0,9,0.000,2446.092,57.101,997.440,4744.485,779.891,9025.009
900,59,4096,30,0,0.0,10,0.000,2500.602,58.460,939.511,4758.475,796.811,9053.859
900,59,4096,30,0,0.0,11,0.000,2478.193,59.320,991.351,4756.314,784.021,9069.199
900,59,4096,30,0,0.0,12,0.000,2472.752,102.120,942.881,4867.975,786.071,9171.799
900,59,4096,30,0,0.0,13,0.000,2614.552,58.890,940.501,4742.485,789.201,9145.629
900,59,4096,30,0,0.0,14,0.000,2491.203,59.190,939.170,4772.225,785.201,9046.989
900,59,4096,30,0,0.0,15,0.000,2531.332,58.350,942.671,4763.555,776.021,9071.929
900,59,4096,30,0,0.0,16,0.000,2474.793,94.450,945.181,4780.904,778.571,9073.899
900,59,4096,30,0,0.0,17,0.000,2494.102,58.560,942.821,4766.564,797.551,9059.598
900,59,4096,30,0,0.0,18,0.000,2450.012,58.560,993.681,4742.545,792.320,9037.118
900,59,4096,30,0,0.0,19,0.000,2556.973,58.740,942.001,4760.154,783.591,9101.459
900,59,4096,30,0,0.0,20,0.000,2504.913,58.240,995.281,4745.944,784.811,9089.189
900,59,4096,30,0,0.0,21,0.000,2538.062,58.690,940.121,4763.875,796.331,9097.079
900,59,4096,30,0,0.0,22,0.000,2492.743,99.670,941.591,4763.524,779.871,9077.399
900,59,4096,30,0,0.0,23,0.000,2520.143,58.010,987.211,4829.264,786.021,9180.649
900,59,4096,30,0,0.0,24,0.000,2540.493,57.140,940.571,4758.854,785.321,9082.379
900,59,4096,30,0,0.0,25,0.000,2521.462,58.731,1078.831,4764.154,796.881,9220.059
900,59,4096,30,0,0.0,26,0.000,2510.983,57.930,942.991,4756.044,798.601,9066.549
900,59,4096,30,0,0.0,27,0.000,2541.082,59.240,938.911,4753.205,786.790,9079.228
900,59,4096,30,0,0.0,28,0.000,2492.702,57.210,939.591,4774.885,783.381,9047.769
900,59,4096,30,0,0.0,29,0.000,2507.592,58.470,943.611,4761.505,783.761,9054.939
900,59,4096,30,0,0.0,30,0.000,2508.673,57.750,987.141,4774.084,782.651,9110.299
950,60,4096,31,0,0.0,1,101.430,2540.083,59.410,938.211,4848.344,793.101,9179.149
950,60,4096,31,0,0.0,2,0.000,2520.183,58.330,940.041,4855.924,788.051,9162.529
950,60,4096,31,0,0.0,3,0.000,2538.352,61.820,941.781,4868.895,786.881,9197.729
950,60,4096,31,0,0.0,4,0.000,2493.052,58.410,984.931,4845.415,787.590,9169.398
950,60,4096,31,0,0.0,5,0.000,2540.972,63.910,940.561,4828.905,783.460,9157.808
950,60,4096,31,0,0.0,6,0.000,2503.472,57.470,988.301,4821.305,788.401,9158.949
950,60,4096,31,0,0.0,7,0.000,2520.203,56.750,944.721,4845.974,789.741,9157.389
950,60,4096,31,0,0.0,8,0.000,2520.902,57.681,937.840,4833.805,789.781,9140.009
950,60,4096,31,0,0.0,9,0.000,2493.312,57.960,941.881,4859.055,779.320,9131.528
950,60,4096,31,0,0.0,10,0.000,2545.153,57.260,941.201,4836.444,779.451,9159.509
950,60,4096,31,0,0.0,11,0.000,2540.292,57.910,940.171,4835.355,785.670,9159.398
950,60,4096,31,0,0.0,12,0.000,2506.793,57.350,986.261,4810.904,777.631,9138.939
950,60,4096,31,0,0.0,13,0.000,2524.993,61.070,945.051,4852.814,787.841,9171.769
950,60,4096,31,0,0.0,14,0.000,2596.992,57.600,939.861,4857.795,801.910,9254.158
950,60,4096,31,0,0.0,15,0.000,2493.442,57.320,992.171,4901.405,789.180,9233.518
950,60,4096,31,0,0.0,16,0.000,2495.342,58.240,986.101,4816.795,775.221,9131.699
950,60,4096,31,0,0.0,17,0.000,2464.132,57.770,940.961,4940.535,792.071,9195.469
950,60,4096,31,0,0.0,18,0.000,2514.883,59.150,940.131,4856.614,786.811,9157.589
950,60,4096,31,0,0.0,19,0.000,2615.372,58.120,940.211,4838.175,796.951,9248.829
950,60,4096,31,0,0.0,20,0.000,2490.832,55.930,945.171,5232.375,793.461,9517.769
950,60,4096,31,0,0.0,21,0.000,2556.352,57.940,935.751,4831.865,788.530,9170.438
950,60,4096,31,0,0.0,22,0.000,2477.712,56.920,987.451,4816.915,780.761,9119.759
950,60,4096,31,0,0.0,23,0.000,2488.432,59.090,939.441,4870.505,783.301,9140.769
950,60,4096,31,0,0.0,24,0.000,2498.522,58.420,998.061,4838.115,942.641,9335.759
950,60,4096,31,0,0.0,25,0.000,2464.332,58.340,944.831,4873.105,785.680,9126.288
950,60,4096,31,0,0.0,26,0.000,2545.152,57.390,941.001,4832.675,784.480,9160.698
950,60,4096,31,0,0.0,27,0.000,2490.502,57.530,942.951,4841.985,776.711,9109.679
950,60,4096,31,0,0.0,28,0.000,2526.763,57.490,940.631,4830.864,799.291,9155.039
950,60,4096,31,0,0.0,29,0.000,2533.523,63.260,940.591,4835.354,783.401,9156.129
950,60,4096,31,0,0.0,30,0.000,2519.902,58.590,940.611,4952.305,789.271,9260.679
1000,60,4096,31,0,0.0,1,99.040,2546.592,58.320,942.481,4840.085,804.121,9191.599
1000,60,4096,31,0,0.0,2,0.000,2510.602,58.940,945.761,4841.445,783.021,9139.769
1000,60,4096,31,0,0.0,3,0.000,2458.132,57.200,977.831,4822.805,792.160,9108.128
1000,60,4096,31,0,0.0,4,0.000,2519.423,59.420,942.651,4883.224,791.541,9196.259
1000,60,4096,31,0,0.0,5,0.000,2502.873,57.950,975.181,4821.454,787.131,9144.589
1000,60,4096,31,0,0.0,6,0.000,2479.883,59.030,940.591,4865.834,781.531,9126.869
1000,60,4096,31,0,0.0,7,0.000,2534.992,58.010,936.531,4852.445,882.401,9264.379
1000,60,4096,31,0,0.0,8,0.000,2552.182,60.030,938.641,4832.545,782.350,9165.748
1000,60,4096,31,0,0.0,9,0.000,2527.753,58.430,938.681,4932.374,785.661,9242.899
1000,60,4096,31,0,0.0,10,0.000,2530.882,61.211,939.840,4817.265,782.351,9131.549
1000,60,4096,31,0,0.0,11,0.000,2630.493,61.020,938.341,4855.814,798.151,9283.819
1000,60,4096,31,0,0.0,12,0.000,2501.002,59.260,941.791,4839.395,788.641,9130.089
1000,60,4096,31,0,0.0,13,0.000,2505.262,58.770,986.961,4807.005,788.351,9146.349
1000,60,4096,31,0,0.0,14,0.000,2538.613,58.920,943.761,4841.544,788.831,9171.669
1000,60,4096,31,0,0.0,15,0.000,2508.773,59.590,972.511,4871.024,793.751,9205.649
1000,60,4096,31,0,0.0,16,0.000,2511.813,56.920,940.861,4854.414,787.641,9151.649
1000,60,4096,31,0,0.0,17,0.000,2502.812,58.890,990.221,4821.325,782.170,9155.418
1000,60,4096,31,0,0.0,18,0.000,2546.502,58.990,945.081,4840.485,784.851,9175.909
1000,60,4096,31,0,0.0,19,0.000,2508.103,58.500,941.041,4854.814,787.761,9150.219
1000,60,4096,31,0,0.0,20,0.000,2492.202,58.260,945.941,4848.505,779.240,9124.148
1000,60,4096,31,0,0.0,21,0.000,2548.983,62.250,943.941,4829.944,783.691,9168.809
1000,60,4096,31,0,0.0,22,0.000,2508.853,58.780,944.151,4856.784,783.561,9152.129
1000,60,4096,31,0,0.0,23,0.000,2528.422,58.440,942.771,4835.345,805.120,9170.098
1000,60,4096,31,0,0.0,24,0.000,2484.492,61.210,973.321,4810.235,793.071,9122.329
1000,60,4096,31,0,0.0,25,0.000,2516.392,56.821,943.480,4848.135,797.171,9161.999
1000,60,4096,31,0,0.0,26,0.000,2434.833,59.640,992.501,4820.604,779.071,9086.649
1000,60,4096,31,0,0.0,27,0.000,2495.582,58.570,985.601,4818.145,784.580,9142.478
1000,60,4096,31,0,0.0,28,0.000,2518.442,58.120,943.131,4819.615,785.691,9124.999
1000,60,4096,31,0,0.0,29,0.000,2503.302,59.010,991.041,4816.455,786.991,9156.799
1000,60,4096,31,0,0.0,30,0.000,2486.673,58.190,940.231,4847.304,881.391,9213.789
50,34,16384,18,0,0.0,1,154.290,10519.440,62.620,947.231,2791.613,3232.413,17553.317
50,34,16384,18,0,0.0,2,0.000,10571.460,61.210,944.961,2782.882,3179.983,17540.496
50,34,16384,18,0,0.0,3,0.000,10494.130,62.740,998.041,2767.102,3229.953,17551.966
50,34,16384,18,0,0.0,4,0.000,10523.990,62.960,944.081,2801.483,3237.583,17570.097
50,34,16384,18,0,0.0,5,0.000,10553.280,62.970,983.581,2744.593,3236.413,17580.837
50,34,16384,18,0,0.0,6,0.000,10519.380,62.390,947.451,2805.583,3215.723,17550.527
50,34,16384,18,0,0.0,7,0.000,10610.000,62.660,944.941,2788.593,3205.693,17611.887
50,34,16384,18,0,0.0,8,0.000,10635.340,63.100,952.341,2765.552,3175.123,17591.456
50,34,16384,18,0,0.0,9,0.000,10462.210,63.360,949.851,2782.633,3216.523,17474.577
50,34,16384,18,0,0.0,10,0.000,10534.440,63.360,945.851,2768.823,3196.413,17508.887
50,34,16384,18,0,0.0,11,0.000,10492.400,61.110,950.651,2811.933,3242.103,17558.197
50,34,16384,18,0,0.0,12,0.000,10642.670,61.350,945.541,2792.012,3215.604,17657.177
50,34,16384,18,0,0.0,13,0.000,10519.060,61.410,1000.261,2740.363,3229.893,17550.987
50,34,16384,18,0,0.0,14,0.000,10539.520,60.020,946.501,2794.023,3331.753,17671.817
50,34,16384,18,0,0.0,15,0.000,10445.530,62.590,999.071,2744.863,3231.563,17483.617
50,34,16384,18,0,0.0,16,0.000,10504.520,62.300,951.111,2898.313,3245.393,17661.637
50,34,16384,18,0,0.0,17,0.000,10430.810,63.250,952.401,2742.702,3213.273,17402.436
50,34,16384,18,0,0.0,18,0.000,10590.310,61.960,948.441,2798.782,3218.294,17617.787
50,34,16384,18,0,0.0,19,0.000,10540.920,63.620,945.601,2781.863,3189.833,17521.837
50,34,16384,18,0,0.0,20,0.000,10714.941,60.980,945.561,2789.222,3225.803,17736.507
50,34,16384,18,0,0.0,21,0.000,10511.960,65.630,944.071,2740.623,3229.733,17492.017
50,34,16384,18,0,0.0,22,0.000,10589.241,61.570,945.661,2795.332,3223.153,17614.957
50,34,16384,18,0,0.0,23,0.000,10529.470,60.831,950.870,2794.233,3225.203,17560.607
50,34,16384,18,0,0.0,24,0.000,10362.970,61.370,1004.821,2736.332,3253.643,17419.136
50,34,16384,18,0,0.0,25,0.000,10519.680,61.620,951.181,2790.893,3240.023,17563.397
50,34,16384,18,0,0.0,26,0.000,10547.640,103.220,950.381,2744.553,3237.853,17583.647
50,34,16384,18,0,0.0,27,0.000,10509.030,66.160,948.641,2742.083,3231.413,17497.327
50,34,16384,18,0,0.0,28,0.000,10584.300,62.620,949.341,2787.313,3236.063,17619.637
50,34,16384,18,0,0.0,29,0.000,10580.650,61.680,990.111,2761.573,3228.683,17622.697
50,34,16384,18,0,0.0,30,0.000,10481.260,62.110,948.691,2787.753,3222.903,17502.717
100,40,16384,21,0,0.0,1,150.451,10531.320,62.460,946.171,3282.463,3180.003,18002.417
100,40,16384,21,0,0.0,2,0.000,10385.890,58.370,1004.561,3217.243,3314.733,17980.797
100,40,16384,21,0,0.0,3,0.000,10477.310,58.580,947.011,3266.213,3223.133,17972.247
100,40,16384,21,0,0.0,4,0.000,10609.431,71.080,945.011,3254.383,3228.613,18108.518
100,40,16384,21,0,0.0,5,0.000,10503.310,58.840,945.801,3266.923,3223.403,17998.277
100,40,16384,21,0,0.0,6,0.000,10700.870,61.350,944.281,3263.033,3223.633,18193.167
100,40,16384,21,0,0.0,7,0.000,10533.410,60.420,950.351,3253.143,3183.993,17981.317
100,40,16384,21,0,0.0,8,0.000,10469.660,61.820,991.471,3212.503,3219.183,17954.637
100,40,16384,21,0,0.0,9,0.000,10635.630,60.340,948.791,3250.073,3227.193,18122.027
100,40,16384,21,0,0.0,10,0.000,10537.440,61.080,999.541,3235.633,3232.763,18066.457
100,40,16384,21,0,0.0,11,0.000,10672.590,64.090,943.621,3228.323,3190.513,18099.137
100,40,16384,21,0,0.0,12,0.000,10666.150,64.280,946.161,3253.543,3226.414,18156.548
100,40,16384,21,0,0.0,13,0.000,10506.530,60.220,951.131,3259.014,3217.953,17994.848
100,40,16384,21,0,0.0,14,0.000,10602.730,61.220,988.621,3237.043,3183.543,18073.157
100,40,16384,21,0,0.0,15,0.000,10507.820,60.210,945.311,3303.343,3212.643,18029.327
100,40,16384,21,0,0.0,16,0.000,10556.410,60.100,950.131,3266.143,3245.153,18077.937
100,40,16384,21,0,0.0,17,0.000,10490.580,60.820,954.491,3281.063,3221.733,18008.687
100,40,16384,21,0,0.0,18,0.000,10546.130,61.370,949.601,3271.914,3235.983,18064.998
100,40,16384,21,0,0.0,19,0.000,10537.250,58.010,1000.071,3219.433,3234.643,18049.407
100,40,16384,21,0,0.0,20,0.000,10471.750,61.340,949.471,3253.833,3233.403,17969.797
100,40,16384,21,0,0.0,21,0.000,10449.290,59.090,951.661,3280.834,3223.103,17963.978
100,40,16384,21,0,0.0,22,0.000,10493.450,60.550,949.071,3271.603,3220.783,17995.457
100,40,16384,21,0,0.0,23,0.000,10508.430,63.650,944.921,3246.303,3209.943,17973.247
100,40,16384,21,0,0.0,24,0.000,10567.930,59.710,952.201,3277.853,3214.673,18072.367
100,40,16384,21,0,0.0,25,0.000,10600.801,61.280,947.390,3253.304,3182.853,18045.628
100,40,16384,21,0,0.0,26,0.000,10554.880,59.750,947.901,3271.623,3220.213,18054.367
100,40,16384,21,0,0.0,27,0.000,10440.100,58.810,947.271,3365.323,3225.814,18037.318
100,40,16384,21,0,0.0,28,0.000,10511.971,61.520,951.301,3238.863,3196.463,17960.118
100,40,16384,21,0,0.0,29,0.000,10707.071,62.670,944.071,3260.543,3203.113,18177.468
100,40,16384,21,0,0.0,30,0.000,10471.200,62.310,945.361,3264.323,3228.273,17971.467
150,44,16384,23,0,0.0,1,175.150,10499.140,63.560,999.731,3538.044,3208.313,18308.788
150,44,16384,23,0,0.0,2,0.000,10559.000,61.610,949.681,3591.213,3205.404,18366.908
150,44,16384,23,0,0.0,3,0.000,10541.010,60.190,948.731,3580.213,3237.823,18367.967
150,44,16384,23,0,0.0,4,0.000,10400.310,60.750,985.321,3582.144,3185.103,18213.628
150,44,16384,23,0,0.0,5,0.000,10495.211,59.430,943.740,3586.594,3229.743,18314.718
150,44,16384,23,0,0.0,6,0.000,10514.840,61.010,947.411,3579.653,3240.853,18343.767
150,44,16384,23,0,0.0,7,0.000,10491.010,59.820,984.821,3543.764,3208.773,18288.188
150,44,16384,23,0,0.0,8,0.000,10504.680,59.370,948.631,3620.793,3222.304,18355.778
150,44,16384,23,0,0.0,9,0.000,10494.150,61.840,946.041,3562.443,3224.363,18288.837
150,44,16384,23,0,0.0,10,0.000,10479.411,59.080,945.790,3595.144,3226.103,18305.528
150,44,16384,23,0,0.0,11,0.000,10444.270,59.220,946.181,3590.374,3193.963,18234.008
150,44,16384,23,0,0.0,12,0.000,10527.860,61.380,951.771,3572.794,3166.673,18280.478
150,44,16384,23,0,0.0,13,0.000,10622.800,61.530,950.261,3578.264,3310.523,18523.378
150,44,16384,23,0,0.0,14,0.000,10598.410,59.520,947.851,3586.913,3215.453,18408.147
150,44,16384,23,0,0.0,15,0.000,10513.730,61.530,950.521,3674.843,3232.263,18432.887
150,44,16384,23,0,0.0,16,0.000,10510.960,62.100,954.481,3569.893,3197.983,18295.417
150,44,16384,23,0,0.0,17,0.000,10634.450,62.330,947.261,3594.384,3223.803,18462.228
150,44,16384,23,0,0.0,18,0.000,10565.910,60.791,948.960,3566.054,3177.333,18319.048
150,44,16384,23,0,0.0,19,0.000,10642.040,63.100,946.551,3597.033,3206.203,18454.927
150,44,16384,23,0,0.0,20,0.000,10629.270,60.990,945.741,3577.903,3183.424,18397.328
150,44,16384,23,0,0.0,21,0.000,10673.180,62.481,942.020,3585.164,3231.423,18494.268
150,44,16384,23,0,0.0,22,0.000,10486.330,61.790,951.061,3568.664,3224.153,18291.998
150,44,16384,23,0,0.0,23,0.000,10500.430,60.540,998.751,3558.113,3202.603,18320.437
150,44,16384,23,0,0.0,24,0.000,10584.800,61.330,946.881,3571.173,3240.054,18404.238
150,44,16384,23,0,0.0,25,0.000,10448.630,60.850,1006.511,3543.344,3239.153,18298.488
150,44,16384,23,0,0.0,26,0.000,10560.291,61.760,947.191,3586.543,3226.523,18382.308
150,44,16384,23,0,0.0,27,0.000,10475.130,59.900,953.081,3592.484,3239.003,18319.598
150,44,16384,23,0,0.0,28,0.000,10610.661,58.400,987.451,3543.463,3286.303,18486.278
150,44,16384,23,0,0.0,29,0.000,10533.521,61.040,952.421,3578.883,3231.193,18357.058
150,44,16384,23,0,0.0,30,0.000,10506.400,61.181,985.191,3583.343,3187.883,18323.998
200,46,16384,24,0,0.0,1,149.270,10610.151,59.310,951.240,3747.704,3309.543,18677.948
200,46,16384,24,0,0.0,2,0.000,10523.530,61.540,947.531,3747.994,3228.323,18508.918
200,46,16384,24,0,0.0,3,0.000,10726.950,69.600,945.841,3721.664,3224.613,18688.668
200,46,16384,24,0,0.0,4,0.000,10449.130,59.620,981.831,3736.433,3184.183,18411.197
200,46,16384,24,0,0.0,5,0.000,10643.460,62.800,945.341,3726.213,3222.324,18600.138
200,46,16384,24,0,0.0,6,0.000,10546.050,62.670,943.061,3736.444,3242.483,18530.708
200,46,16384,24,0,0.0,7,0.000,10540.021,62.100,945.391,3751.003,3203.623,18502.138
200,46,16384,24,0,0.0,8,0.000,10547.920,60.090,947.411,3800.704,3227.263,18583.388
200,46,16384,24,0,0.0,9,0.000,10580.630,62.170,993.611,3716.934,3193.263,18546.608
200,46,16384,24,0,0.0,10,0.000,10568.140,59.390,948.411,3746.863,3219.003,18541.807
200,46,16384,24,0,0.0,11,0.000,10486.161,62.490,947.750,3769.794,3231.533,18497.728
200,46,16384,24,0,0.0,12,0.000,10442.930,58.960,1001.541,3708.854,3200.053,18412.338
200,46,16384,24,0,0.0,13,0.000,10615.110,63.700,947.381,3755.293,3291.103,18672.587
200,46,16384,24,0,0.0,14,0.000,10471.420,61.570,950.721,3745.304,3211.043,18440.058
200,46,16384,24,0,0.0,15,0.000,10577.370,62.660,944.751,3748.954,3258.773,18592.508
200,46,16384,24,0,0.0,16,0.000,10442.170,61.110,997.961,3706.523,3206.743,18414.507
200,46,16384,24,0,0.0,17,0.000,10473.310,61.020,945.951,3747.734,3223.343,18451.358
200,46,16384,24,0,0.0,18,0.000,10443.610,61.250,1004.001,3696.884,3206.313,18412.058
200,46,16384,24,0,0.0,19,0.000,10537.020,58.910,952.551,3751.554,3233.053,18533.088
200,46,16384,24,0,0.0,20,0.000,10619.290,62.570,994.821,3721.174,3184.263,18582.118
200,46,16384,24,0,0.0,21,0.000,10557.980,59.340,950.041,3749.603,3216.014,18532.978
200,46,16384,24,0,0.0,22,0.000,10469.840,59.410,987.171,3717.474,3187.453,18421.348
200,46,16384,24,0,0.0,23,0.000,10510.600,59.630,1005.021,3698.634,3207.143,18481.028
200,46,16384,24,0,0.0,24,0.000,10505.220,61.600,951.421,3736.244,3324.393,18578.878
200,46,16384,24,0,0.0,25,0.000,10577.761,60.950,950.671,3751.023,3216.953,18557.358
200,46,16384,24,0,0.0,26,0.000,10544.900,64.600,945.821,3822.763,3234.244,18612.328
200,46,16384,24,0,0.0,27,0.000,10462.180,62.210,945.551,3729.224,3218.173,18417.338
200,46,16384,24,0,0.0,28,0.000,10633.830,61.150,947.411,3742.644,3211.023,18596.058
200,46,16384,24,0,0.0,29,0.000,10601.470,61.910,948.181,3745.703,3250.163,18607.427
200,46,16384,24,0,0.0,30,0.000,10500.370,63.620,1000.131,3697.234,3204.063,18465.418
250,48,16384,25,0,0.0,1,168.401,10517.360,59.630,950.471,3922.414,3235.653,18685.528
250,48,16384,25,0,0.0,2,0.000,10539.111,62.000,944.841,3894.643,3226.873,18667.468
250,48,16384,25,0,0.0,3,0.000,10479.250,61.910,951.501,3881.863,3224.393,18598.917
250,48,16384,25,0,0.0,4,0.000,10537.350,60.340,949.381,3914.084,3222.073,18683.228
250,48,16384,25,0,0.0,5,0.000,10492.730,93.020,946.041,3896.634,3256.433,18684.858
250,48,16384,25,0,0.0,6,0.000,10497.470,59.160,986.301,3887.413,3200.734,18631.078
250,48,16384,25,0,0.0,7,0.000,10647.540,61.640,942.571,3920.834,3216.373,18788.958
250,48,16384,25,0,0.0,8,0.000,10517.291,62.480,945.891,3886.553,3235.643,18647.858
250,48,16384,25,0,0.0,9,0.000,10446.260,60.620,999.741,3876.634,3182.123,18565.378
250,48,16384,25,0,0.0,10,0.000,10757.460,63.350,939.241,3865.564,3300.383,18925.998
250,48,16384,25,0,0.0,11,0.000,10480.560,59.600,948.271,3905.953,3222.204,18616.588
250,48,16384,25,0,0.0,12,0.000,10476.070,61.690,947.831,3912.473,3298.694,18696.758
250,48,16384,25,0,0.0,13,0.000,10455.280,61.570,943.431,3877.554,3247.483,18585.318
250,48,16384,25,0,0.0,14,0.000,10461.770,60.790,949.971,4002.914,3248.703,18724.148
250,48,16384,25,0,0.0,15,0.000,10644.760,61.870,943.941,3909.093,3221.744,18781.408
250,48,16384,25,0,0.0,16,0.000,10578.330,62.350,949.031,3928.734,3213.643,18732.088
250,48,16384,25,0,0.0,17,0.000,10536.480,63.910,939.731,3881.103,3227.644,18648.868
250,48,16384,25,0,0.0,18,0.000,10637.510,61.020,945.191,3903.974,3204.203,18751.898
250,48,16384,25,0,0.0,19,0.000,10529.170,58.290,946.581,3920.284,3225.553,18679.878
250,48,16384,25,0,0.0,20,0.000,10524.070,61.680,947.741,3991.753,3206.244,18731.488
250,48,16384,25,0,0.0,21,0.000,10590.720,63.160,950.801,3897.284,3204.693,18706.658
250,48,16384,25,0,0.0,22,0.000,10523.790,61.510,993.901,3879.673,3192.154,18651.028
250,48,16384,25,0,0.0,23,0.000,10525.901,59.290,950.011,3903.283,3210.993,18649.478
250,48,16384,25,0,0.0,24,0.000,10398.110,58.680,1008.611,3878.854,3172.323,18516.578
250,48,16384,25,0,0.0,25,0.000,10525.910,61.910,946.711,4008.014,3235.763,18778.308
250,48,16384,25,0,0.0,26,0.000,10499.520,63.140,952.761,3896.754,3219.783,18631.958
250,48,16384,25,0,0.0,27,0.000,10671.560,62.420,944.711,3889.144,3236.833,18804.668
250,48,16384,25,0,0.0,28,0.000,10487.270,62.600,946.661,3907.314,3223.163,18627.008
250,48,16384,25,0,0.0,29,0.000,10539.710,63.770,945.491,4062.984,3245.013,18856.968
250,48,16384,25,0,0.0,30,0.000,10398.300,60.430,946.921,3922.484,3227.523,18555.658
300,50,16384,26,0,0.0,1,172.060,10524.331,59.910,940.941,4070.023,3224.214,18819.419
300,50,16384,26,0,0.0,2,0.000,10650.010,71.030,939.581,4048.284,3225.413,18934.318
300,50,16384,26,0,0.0,3,0.000,10476.690,60.200,988.621,4033.064,3165.873,18724.448
300,50,16384,26,0,0.0,4,0.000,10644.751,62.170,945.921,4048.204,3200.013,18901.059
300,50,16384,26,0,0.0,5,0.000,10467.690,60.690,1057.941,4056.104,3245.103,18887.528
300,50,16384,26,0,0.0,6,0.000,10525.470,61.770,1013.211,4040.254,3182.733,18823.438
300,50,16384,26,0,0.0,7,0.000,10600.691,59.370,941.460,4062.964,3211.713,18876.198
300,50,16384,26,0,0.0,8,0.000,10558.880,63.270,947.951,4059.484,3216.803,18846.388
300,50,16384,26,0,0.0,9,0.000,10526.870,57.060,946.371,4081.004,3173.953,18785.258
300,50,16384,26,0,0.0,10,0.000,10697.300,68.100,943.171,4044.014,3216.373,18968.958
300,50,16384,26,0,0.0,11,0.000,10523.090,60.520,947.831,4056.654,3223.513,18811.608
300,50,16384,26,0,0.0,12,0.000,10500.630,61.420,941.301,4074.804,3203.443,18781.598
300,50,16384,26,0,0.0,13,0.000,10474.280,98.050,942.741,4037.824,3233.153,18786.048
300,50,16384,26,0,0.0,14,0.000,10499.710,60.250,947.301,4063.014,3228.673,18798.948
300,50,16384,26,0,0.0,15,0.000,10512.420,60.680,994.591,4065.644,3244.793,18878.128
300,50,16384,26,0,0.0,16,0.000,10569.200,60.180,940.761,4070.264,3205.313,18845.718
300,50,16384,26,0,0.0,17,0.000,10694.000,63.190,943.281,4054.454,3235.853,18990.778
300,50,16384,26,0,0.0,18,0.000,10429.871,60.690,943.440,4063.234,3206.133,18703.368
300,50,16384,26,0,0.0,19,0.000,10478.310,62.480,940.621,4048.934,3228.273,18758.618
300,50,16384,26,0,0.0,20,0.000,10433.050,59.650,943.291,4106.684,3192.113,18734.788
300,50,16384,26,0,0.0,21,0.000,10489.070,61.290,939.161,4039.644,3222.223,18751.388
300,50,16384,26,0,0.0,22,0.000,10500.780,60.710,996.541,4038.704,3176.373,18773.108
300,50,16384,26,0,0.0,23,0.000,10513.430,59.830,948.171,4102.724,3308.483,18932.638
300,50,16384,26,0,0.0,24,0.000,10403.050,59.890,994.391,4059.474,3186.963,18703.768
300,50,16384,26,0,0.0,25,0.000,10501.530,60.230,945.201,4157.024,3230.053,18894.038
300,50,16384,26,0,0.0,26,0.000,10500.930,64.080,944.961,4042.284,3211.683,18763.938
300,50,16384,26,0,0.0,27,0.000,10633.781,63.530,941.150,4041.094,3203.303,18882.858
300,50,16384,26,0,0.0,28,0.000,10551.680,59.910,943.411,4060.414,3233.973,18849.388
300,50,16384,26,0,0.0,29,0.000,10562.040,64.490,942.771,4081.064,3226.713,18877.078
300,50,16384,26,0,0.0,30,0.000,10531.130,59.270,946.781,4079.934,3243.343,18860.458
350,51,16384,26,0,0.0,1,165.880,10637.130,62.170,942.321,4180.454,3226.313,19048.388
350,51,16384,26,0,0.0,2,0.000,10596.070,64.730,942.511,4121.504,3226.053,18950.868
350,51,16384,26,0,0.0,3,0.000,10452.110,60.400,997.611,4118.484,3185.573,18814.178
350,51,16384,26,0,0.0,4,0.000,10530.760,61.440,947.981,4149.174,3211.993,18901.348
350,51,16384,26,0,0.0,5,0.000,10560.001,59.760,988.571,4117.143,3198.404,18923.879
350,51,16384,26,0,0.0,6,0.000,10575.600,60.290,989.581,4118.604,3186.353,18930.428
350,51,16384,26,0,0.0,7,0.000,10617.490,62.050,949.221,4139.244,3225.573,18993.578
350,51,16384,26,0,0.0,8,0.000,10517.910,62.100,939.031,4132.044,3208.943,18860.028
350,51,16384,26,0,0.0,9,0.000,10520.020,61.180,944.971,4149.544,3294.043,18969.758
350,51,16384,26,0,0.0,10,0.000,10500.421,61.340,945.121,4122.813,3211.494,18841.189
350,51,16384,26,0,0.0,11,0.000,10627.310,60.030,945.441,4212.994,3228.453,19074.228
350,51,16384,26,0,0.0,12,0.000,10618.100,62.030,939.751,4134.054,3217.003,18970.938
350,51,16384,26,0,0.0,13,0.000,10435.950,59.630,1080.551,4143.854,3238.774,18958.759
350,51,16384,26,0,0.0,14,0.000,10586.481,59.090,941.711,4141.924,3211.003,18940.209
350,51,16384,26,0,0.0,15,0.000,10584.530,65.940,937.821,4124.404,3239.363,18952.058
350,51,16384,26,0,0.0,16,0.000,10464.470,58.880,941.941,4154.024,3220.183,18839.498
350,51,16384,26,0,0.0,17,0.000,10604.900,61.660,940.231,4129.714,3237.363,18973.868
350,51,16384,26,0,0.0,18,0.000,10727.540,63.630,940.861,4139.734,3206.323,19078.088
350,51,16384,26,0,0.0,19,0.000,10620.121,63.170,945.001,4136.584,3221.443,18986.319
350,51,16384,26,0,0.0,20,0.000,10506.510,59.650,942.161,4148.914,3222.383,18879.618
350,51,16384,26,0,0.0,21,0.000,10605.191,64.060,939.071,4134.784,3237.283,18980.389
350,51,16384,26,0,0.0,22,0.000,10498.630,61.040,945.501,4159.354,3181.393,18845.918
350,51,16384,26,0,0.0,23,0.000,10545.550,60.980,945.071,4145.534,3229.613,18926.748
350,51,16384,26,0,0.0,24,0.000,10466.810,62.910,943.711,4158.384,3184.063,18815.878
350,51,16384,26,0,0.0,25,0.000,10546.860,61.190,945.851,4151.114,3233.423,18938.438
350,51,16384,26,0,0.0,26,0.000,10466.350,60.500,989.091,4121.674,3221.123,18858.738
350,51,16384,26,0,0.0,27,0.000,10712.060,63.270,939.341,4115.134,3232.293,19062.098
350,51,16384,26,0,0.0,28,0.000,10520.160,61.160,944.821,4136.254,3228.123,18890.518
350,51,16384,26,0,0.0,29,0.000,10582.200,61.790,942.191,4141.404,3244.483,18972.068
350,51,16384,26,0,0.0,30,0.000,10577.420,63.050,943.121,4151.544,3199.483,18934.618
400,52,16384,27,0,0.0,1,196.600,10675.130,63.810,942.151,4229.534,3207.213,19117.838
400,52,16384,27,0,0.0,2,0.000,10554.080,62.180,944.181,4203.234,3235.213,18998.888
400,52,16384,27,0,0.0,3,0.000,10636.091,63.110,971.121,4207.134,3187.293,19064.749
400,52,16384,27,0,0.0,4,0.000,10542.570,60.070,943.611,4221.734,3221.623,18989.608
400,52,16384,27,0,0.0,5,0.000,10534.780,61.370,992.141,4201.694,3228.924,19018.909
400,52,16384,27,0,0.0,6,0.000,10516.080,60.030,981.321,4191.324,3191.213,18939.968
400,52,16384,27,0,0.0,7,0.000,10697.490,61.470,938.411,4212.514,3209.593,19119.478
400,52,16384,27,0,0.0,8,0.000,10553.370,63.330,938.311,4190.964,3218.183,18964.158
400,52,16384,27,0,0.0,9,0.000,10645.450,62.200,940.151,4216.744,3193.593,19058.138
400,52,16384,27,0,0.0,10,0.000,10479.150,61.470,940.901,4212.314,3209.093,18902.928
400,52,16384,27,0,0.0,11,0.000,10578.420,61.370,943.431,4203.694,3227.603,19014.518
400,52,16384,27,0,0.0,12,0.000,10633.810,60.940,946.061,4231.804,3194.083,19066.698
400,52,16384,27,0,0.0,13,0.000,10591.800,60.820,985.681,4228.734,3236.464,19103.499
400,52,16384,27,0,0.0,14,0.000,10550.840,65.220,944.481,4220.634,3219.063,19000.238
400,52,16384,27,0,0.0,15,0.000,10464.910,59.310,983.331,4228.844,3228.373,18964.768
400,52,16384,27,0,0.0,16,0.000,10458.500,61.000,944.131,4262.304,3224.273,18950.208
400,52,16384,27,0,0.0,17,0.000,10517.280,60.880,943.971,4205.164,3225.053,18952.348
400,52,16384,27,0,0.0,18,0.000,10512.480,61.210,944.871,4213.184,3185.373,18917.118
400,52,16384,27,0,0.0,19,0.000,10589.120,63.741,942.190,4219.875,3214.283,19029.209
400,52,16384,27,0,0.0,20,0.000,10514.120,60.660,949.151,4230.954,3243.573,18998.458
400,52,16384,27,0,0.0,21,0.000,10726.371,62.650,940.100,4197.155,3216.333,19142.609
400,52,16384,27,0,0.0,22,0.000,10494.480,60.760,940.471,4328.574,3198.093,19022.378
400,52,16384,27,0,0.0,23,0.000,10555.960,60.101,942.760,4226.475,3206.923,18992.219
400,52,16384,27,0,0.0,24,0.000,10521.180,61.740,1077.401,4192.464,3206.303,19059.088
400,52,16384,27,0,0.0,25,0.000,10676.150,61.110,942.051,4210.144,3221.233,19110.688
400,52,16384,27,0,0.0,26,0.000,10593.980,61.160,985.311,4188.834,3311.453,19140.738
400,52,16384,27,0,0.0,27,0.000,10565.190,59.200,947.271,4210.074,3227.793,19009.528
400,52,16384,27,0,0.0,28,0.000,10678.110,60.650,1785.212,4643.494,3930.364,21097.830
400,52,16384,27,0,0.0,29,0.000,10559.790,64.100,943.611,4205.204,3220.673,18993.378
400,52,16384,27,0,0.0,30,0.000,10582.670,61.990,946.291,4237.414,3222.693,19051.058
450,53,16384,27,0,0.0,1,151.490,10479.010,59.440,946.401,4305.674,3217.183,19007.708
450,53,16384,27,0,0.0,2,0.000,10515.230,61.060,942.811,4294.434,3249.233,19062.768
450,53,16384,27,0,0.0,3,0.000,10539.090,59.771,994.330,4265.605,3182.363,19041.159
450,53,16384,27,0,0.0,4,0.000,10557.060,60.710,938.061,4298.604,3209.813,19064.248
450,53,16384,27,0,0.0,5,0.000,10535.880,59.200,990.101,4280.524,3229.494,19095.199
450,53,16384,27,0,0.0,6,0.000,10490.960,59.490,994.381,4282.064,3192.363,19019.258
450,53,16384,27,0,0.0,7,0.000,10532.430,59.990,942.161,4305.504,3209.063,19049.148
450,53,16384,27,0,0.0,8,0.000,10610.391,60.000,942.121,4365.484,3223.093,19201.089
450,53,16384,27,0,0.0,9,0.000,10470.310,59.760,942.281,4306.644,3206.263,18985.258
450,53,16384,27,0,0.0,10,0.000,10847.290,63.720,936.021,4294.584,3227.393,19369.008
450,53,16384,27,0,0.0,11,0.000,10544.240,59.320,942.591,4300.734,3298.283,19145.168
450,53,16384,27,0,0.0,12,0.000,10542.540,60.930,943.921,4308.854,3206.673,19062.918
450,53,16384,27,0,0.0,13,0.000,10486.460,58.350,984.981,4267.304,3240.763,19037.858
450,53,16384,27,0,0.0,14,0.000,10670.400,61.150,940.701,4287.494,3219.833,19179.578
450,53,16384,27,0,0.0,15,0.000,10626.930,61.410,984.741,4302.754,3248.183,19224.018
450,53,16384,27,0,0.0,16,0.000,10599.090,62.240,946.151,4308.704,3212.383,19128.568
450,53,16384,27,0,0.0,17,0.000,10533.140,62.510,946.551,4279.734,3220.833,19042.768
450,53,16384,27,0,0.0,18,0.000,10573.650,61.370,941.931,4300.854,3200.403,19078.208
450,53,16384,27,0,0.0,19,0.000,10496.520,61.260,940.311,4280.484,3206.033,18984.608
450,53,16384,27,0,0.0,20,0.000,10482.170,61.731,944.650,4323.615,3203.713,19015.879
450,53,16384,27,0,0.0,21,0.000,10580.171,64.140,944.461,4285.904,3214.163,19088.839
450,53,16384,27,0,0.0,22,0.000,10464.140,58.550,1000.601,4275.044,3191.793,18990.128
450,53,16384,27,0,0.0,23,0.000,10534.370,59.980,944.831,4308.914,3209.293,19057.388
450,53,16384,27,0,0.0,24,0.000,10536.440,57.890,1001.091,4299.424,3192.613,19087.458
450,53,16384,27,0,0.0,25,0.000,10522.710,60.620,945.931,4311.584,3231.313,19072.158
450,53,16384,27,0,0.0,26,0.000,10518.640,60.130,982.281,4274.754,3237.683,19073.488
450,53,16384,27,0,0.0,27,0.000,10546.010,62.540,946.071,4295.734,3234.563,19084.918
450,53,16384,27,0,0.0,28,0.000,10728.410,65.330,945.711,4303.164,3228.783,19271.398
450,53,16384,27,0,0.0,29,0.000,10491.810,60.050,945.321,4298.804,3317.153,19113.138
450,53,16384,27,0,0.0,30,0.000,10424.960,59.650,946.821,4315.474,3229.523,18976.428
500,54,16384,28,0,0.0,1,150.070,10557.590,60.060,946.521,4385.654,3224.283,19174.108
500,54,16384,28,0,0.0,2,0.000,10598.011,63.720,938.291,4372.794,3211.983,19184.799
500,54,16384,28,0,0.0,3,0.000,10425.230,58.720,984.761,4364.265,3244.153,19077.129
500,54,16384,28,0,0.0,4,0.000,10559.590,62.990,946.981,4391.054,3218.783,19179.398
500,54,16384,28,0,0.0,5,0.000,10575.400,61.720,981.781,4353.584,3238.834,19211.319
500,54,16384,28,0,0.0,6,0.000,10494.160,60.280,996.321,4355.214,3245.173,19151.148
500,54,16384,28,0,0.0,7,0.000,10538.910,60.340,948.561,4383.644,3210.253,19141.708
500,54,16384,28,0,0.0,8,0.000,10586.750,63.280,945.321,4380.464,3209.283,19185.098
500,54,16384,28,0,0.0,9,0.000,10388.949,60.581,953.020,4396.135,3181.413,18980.098
500,54,16384,28,0,0.0,10,0.000,10472.920,65.940,942.361,4361.434,3218.633,19061.288
500,54,16384,28,0,0.0,11,0.000,10558.470,63.040,946.331,4382.714,3255.433,19205.988
500,54,16384,28,0,0.0,12,0.000,10434.730,60.621,945.410,4385.265,3205.823,19031.849
500,54,16384,28,0,0.0,13,0.000,10458.350,60.490,992.401,4360.854,3224.173,19096.268
500,54,16384,28,0,0.0,14,0.000,10535.040,62.650,947.691,4373.154,3228.403,19146.938
500,54,16384,28,0,0.0,15,0.000,10559.000,61.840,944.231,4403.864,3228.623,19197.558
500,54,16384,28,0,0.0,16,0.000,10516.710,62.360,941.911,4389.434,3207.693,19118.108
500,54,16384,28,0,0.0,17,0.000,10554.290,61.110,944.581,4360.134,3340.173,19260.288
500,54,16384,28,0,0.0,18,0.000,10554.180,60.650,945.801,4464.274,3195.283,19220.188
500,54,16384,28,0,0.0,19,0.000,10499.940,63.390,947.421,4370.354,3300.893,19181.998
500,54,16384,28,0,0.0,20,0.000,10480.450,60.660,945.691,4403.195,3202.193,19092.189
500,54,16384,28,0,0.0,21,0.000,10483.420,63.441,938.520,4452.575,3216.083,19154.039
500,54,16384,28,0,0.0,22,0.000,10617.470,60.450,979.271,4355.414,3196.363,19208.968
500,54,16384,28,0,0.0,23,0.000,10645.140,62.150,940.441,4451.035,3217.163,19315.929
500,54,16384,28,0,0.0,24,0.000,10495.020,60.680,981.351,4384.584,3179.273,19100.908
500,54,16384,28,0,0.0,25,0.000,10583.910,62.720,944.551,4375.964,3226.053,19193.198
500,54,16384,28,0,0.0,26,0.000,10575.261,63.670,945.420,4368.225,3227.783,19180.359
500,54,16384,28,0,0.0,27,0.000,10573.800,63.450,940.101,4363.894,3225.063,19166.308
500,54,16384,28,0,0.0,28,0.000,10643.350,67.780,945.611,4362.174,3225.253,19244.168
500,54,16384,28,0,0.0,29,0.000,10504.710,61.980,944.181,4378.884,3237.363,19127.118
500,54,16384,28,0,0.0,30,0.000,10554.730,60.540,943.871,4394.394,3231.623,19185.158
550,55,16384,28,0,0.0,1,153.160,10588.740,58.510,942.031,4475.194,3191.143,19255.618
550,55,16384,28,0,0.0,2,0.000,10624.201,61.990,945.891,4457.714,3216.523,19306.319
550,55,16384,28,0,0.0,3,0.000,10505.070,58.470,1045.301,4434.935,3232.663,19276.439
550,55,16384,28,0,0.0,4,0.000,10553.280,59.480,948.401,4481.084,3204.183,19246.428
550,55,16384,28,0,0.0,5,0.000,10521.020,58.900,982.121,4457.685,3314.483,19334.209
550,55,16384,28,0,0.0,6,0.000,10439.670,61.750,991.261,4439.564,3227.223,19159.468
550,55,16384,28,0,0.0,7,0.000,10473.240,61.100,944.691,4556.554,3242.083,19277.668
550,55,16384,28,0,0.0,8,0.000,10620.720,68.930,1044.511,4444.614,3211.503,19390.278
550,55,16384,28,0,0.0,9,0.000,10677.831,62.930,942.700,4475.405,3197.933,19356.799
550,55,16384,28,0,0.0,10,0.000,10590.780,61.660,948.481,4446.204,3218.273,19265.398
550,55,16384,28,0,0.0,11,0.000,10627.850,62.740,937.581,4448.994,3212.983,19290.148
550,55,16384,28,0,0.0,12,0.000,10609.740,60.051,939.730,4463.095,3195.273,19267.889
550,55,16384,28,0,0.0,13,0.000,10562.160,97.690,943.381,4437.044,3214.593,19254.868
550,55,16384,28,0,0.0,14,0.000,10588.220,59.010,946.501,4459.404,3222.993,19276.128
550,55,16384,28,0,0.0,15,0.000,10577.620,61.680,938.481,4448.674,3217.893,19244.348
550,55,16384,28,0,0.0,16,0.000,10578.021,60.370,943.251,4462.644,3236.213,19280.499
550,55,16384,28,0,0.0,17,0.000,10586.260,61.300,943.961,4459.284,3212.533,19263.338
550,55,16384,28,0,0.0,18,0.000,10505.200,58.770,944.721,4500.834,3191.733,19201.258
550,55,16384,28,0,0.0,19,0.000,10610.850,64.340,945.691,4453.624,3220.743,19295.248
550,55,16384,28,0,0.0,20,0.000,10474.291,62.140,944.280,4472.405,3194.703,19147.819
550,55,16384,28,0,0.0,21,0.000,10625.331,62.190,949.121,4445.084,3207.883,19289.609
550,55,16384,28,0,0.0,22,0.000,10568.070,60.650,997.071,4435.564,3229.963,19291.318
550,55,16384,28,0,0.0,23,0.000,10472.580,61.310,940.451,4452.034,3226.304,19152.679
550,55,16384,28,0,0.0,24,0.000,10495.530,59.990,992.551,4443.224,3271.943,19263.238
550,55,16384,28,0,0.0,25,0.000,10568.480,60.840,941.081,4447.554,3207.293,19225.248
550,55,16384,28,0,0.0,26,0.000,10529.830,63.141,1106.761,4563.384,3208.623,19471.739
550,55,16384,28,0,0.0,27,0.000,10555.850,60.560,943.481,4449.394,3228.363,19237.648
550,55,16384,28,0,0.0,28,0.000,10565.510,60.790,947.291,4464.964,3302.244,19340.799
550,55,16384,28,0,0.0,29,0.000,10554.820,63.200,941.551,4449.064,3208.293,19216.928
550,55,16384,28,0,0.0,30,0.000,10465.210,59.320,946.371,4566.594,3222.873,19260.368
600,56,16384,29,0,0.0,1,168.280,10612.250,61.500,946.121,4554.635,3205.393,19379.899
600,56,16384,29,0,0.0,2,0.000,11018.860,82.340,1003.521,4596.655,3289.393,19990.769
600,56,16384,29,0,0.0,3,0.000,10470.630,62.521,992.170,4515.165,3226.933,19267.419
600,56,16384,29,0,0.0,4,0.000,10450.370,60.580,946.351,4555.104,3195.483,19207.888
600,56,16384,29,0,0.0,5,0.000,10569.810,62.340,939.531,4538.864,3224.073,19334.618
600,56,16384,29,0,0.0,6,0.000,10602.020,63.300,940.821,4554.454,3217.134,19377.729
600,56,16384,29,0,0.0,7,0.000,10405.370,60.740,946.521,4562.994,3203.043,19178.668
600,56,16384,29,0,0.0,8,0.000,10672.750,61.450,950.151,4542.924,3225.903,19453.178
600,56,16384,29,0,0.0,9,0.000,10434.940,60.820,984.651,4505.074,3225.573,19211.058
600,56,16384,29,0,0.0,10,0.000,10664.690,65.020,937.441,4522.535,3207.313,19396.999
600,56,16384,29,0,0.0,11,0.000,10511.130,59.870,947.601,4542.104,3219.123,19279.828
600,56,16384,29,0,0.0,12,0.000,10552.561,60.930,943.410,4543.105,3202.743,19302.749
600,56,16384,29,0,0.0,13,0.000,10563.010,61.270,942.881,4550.465,3222.023,19339.649
600,56,16384,29,0,0.0,14,0.000,10520.320,60.800,945.031,4534.695,3215.003,19275.849
600,56,16384,29,0,0.0,15,0.000,10596.220,61.670,946.041,4533.095,3223.543,19360.569
600,56,16384,29,0,0.0,16,0.000,10554.780,58.920,939.931,4552.604,3201.433,19307.668
600,56,16384,29,0,0.0,17,0.000,10530.290,61.830,942.191,4541.924,3228.814,19305.049
600,56,16384,29,0,0.0,18,0.000,10517.100,60.390,1003.661,4601.335,3196.473,19378.959
600,56,16384,29,0,0.0,19,0.000,10638.010,61.630,949.061,4537.915,3218.453,19405.069
600,56,16384,29,0,0.0,20,0.000,10644.581,59.570,945.101,4616.294,3178.173,19443.719
600,56,16384,29,0,0.0,21,0.000,10591.950,62.460,948.441,4531.634,3201.543,19336.028
600,56,16384,29,0,0.0,22,0.000,10658.481,63.530,939.710,4530.965,3223.783,19416.469
600,56,16384,29,0,0.0,23,0.000,10476.060,60.510,945.751,4547.285,3203.043,19232.649
600,56,16384,29,0,0.0,24,0.000,10596.020,62.660,981.821,4522.204,3215.773,19378.478
600,56,16384,29,0,0.0,25,0.000,10642.280,60.100,940.631,4561.535,3217.873,19422.419
600,56,16384,29,0,0.0,26,0.000,10621.930,62.350,943.211,4575.464,3267.303,19470.258
600,56,16384,29,0,0.0,27,0.000,10614.530,66.120,943.801,4527.635,3213.953,19366.039
600,56,16384,29,0,0.0,28,0.000,10533.440,62.830,945.381,4539.095,3211.943,19292.689
600,56,16384,29,0,0.0,29,0.000,10571.390,59.040,943.751,4547.215,3213.453,19334.849
600,56,16384,29,0,0.0,30,0.000,10527.680,62.430,947.121,4564.195,3213.673,19315.099
650,57,16384,29,0,0.0,1,160.721,10538.080,60.140,945.681,4640.675,3193.033,19377.609
650,57,16384,29,0,0.0,2,0.000,10514.090,61.000,944.091,4626.494,3211.573,19357.248
650,57,16384,29,0,0.0,3,0.000,10544.170,61.310,942.821,4596.364,3216.153,19360.818
650,57,16384,29,0,0.0,4,0.000,10460.190,59.940,941.211,4724.564,3180.843,19366.748
650,57,16384,29,0,0.0,5,0.000,10552.150,64.540,945.651,4610.285,3221.043,19393.669
650,57,16384,29,0,0.0,6,0.000,10583.110,68.910,940.441,4606.015,3208.483,19406.959
650,57,16384,29,0,0.0,7,0.000,10539.000,59.960,940.721,4628.755,3201.193,19369.629
650,57,16384,29,0,0.0,8,0.000,10729.410,61.830,941.051,4610.585,3208.343,19551.219
650,57,16384,29,0,0.0,9,0.000,10510.600,60.870,984.611,4587.564,3236.283,19379.928
650,57,16384,29,0,0.0,10,0.000,10757.510,64.181,938.250,4606.395,3206.533,19572.869
650,57,16384,29,0,0.0,11,0.000,10536.290,61.500,945.631,4613.924,3210.463,19367.808
650,57,16384,29,0,0.0,12,0.000,10521.030,61.700,943.311,4635.114,3197.153,19358.308
650,57,16384,29,0,0.0,13,0.000,10440.230,62.200,946.451,4596.795,3213.773,19259.449
650,57,16384,29,0,0.0,14,0.000,10438.520,61.710,945.031,4627.875,3211.653,19284.789
650,57,16384,29,0,0.0,15,0.000,10639.090,61.381,944.850,4626.045,3215.113,19486.479
650,57,16384,29,0,0.0,16,0.000,10585.850,63.040,941.101,4631.104,3188.553,19409.648
650,57,16384,29,0,0.0,17,0.000,10560.030,62.010,938.711,4643.905,3229.993,19434.649
650,57,16384,29,0,0.0,18,0.000,10567.931,59.760,996.421,4613.304,3225.083,19462.499
650,57,16384,29,0,0.0,19,0.000,10490.750,60.771,944.730,4640.255,3205.843,19342.349
650,57,16384,29,0,0.0,20,0.000,10757.530,60.090,972.051,4584.624,3230.323,19604.618
650,57,16384,29,0,0.0,21,0.000,10532.920,61.150,946.831,4633.334,3221.813,19396.048
650,57,16384,29,0,0.0,22,0.000,10552.160,63.530,941.861,4605.044,3212.623,19375.218
650,57,16384,29,0,0.0,23,0.000,10520.080,60.920,949.111,4628.255,3215.493,19373.859
650,57,16384,29,0,0.0,24,0.000,10506.990,62.120,947.721,4611.875,3311.283,19439.989
650,57,16384,29,0,0.0,25,0.000,10520.251,61.020,939.300,4620.585,3187.513,19328.669
650,57,16384,29,0,0.0,26,0.000,10616.300,61.950,942.091,4642.025,3225.903,19488.269
650,57,16384,29,0,0.0,27,0.000,10495.580,61.320,942.581,4616.335,3309.213,19425.029
650,57,16384,29,0,0.0,28,0.000,10474.420,58.470,942.051,4633.095,3235.703,19343.739
650,57,16384,29,0,0.0,29,0.000,10704.770,63.621,940.490,4615.385,3211.023,19535.289
650,57,16384,29,0,0.0,30,0.000,10549.110,61.210,951.461,4643.785,3197.783,19403.349
700,57,16384,29,0,0.0,1,148.770,10550.721,60.700,942.140,4631.125,3179.913,19364.599
700,57,16384,29,0,0.0,2,0.000,10750.720,61.920,938.561,4643.955,3185.513,19580.669
700,57,16384,29,0,0.0,3,0.000,10782.030,64.380,939.171,4591.885,3204.873,19582.339
700,57,16384,29,0,0.0,4,0.000,10454.150,61.040,1001.991,4614.595,3189.503,19321.279
700,57,16384,29,0,0.0,5,0.000,10981.171,62.250,945.581,4625.504,3206.263,19820.769
700,57,16384,29,0,0.0,6,0.000,10545.200,63.500,944.361,4609.094,3216.643,19378.798
700,57,16384,29,0,0.0,7,0.000,10667.111,62.710,977.911,4583.164,3195.793,19486.689
700,57,16384,29,0,0.0,8,0.000,10492.530,61.880,942.691,4620.385,3193.533,19311.019
700,57,16384,29,0,0.0,9,0.000,10595.710,63.860,946.751,4654.375,3223.623,19484.319
700,57,16384,29,0,0.0,10,0.000,10494.470,61.500,947.701,4628.164,3228.083,19359.918
700,57,16384,29,0,0.0,11,0.000,10547.210,60.110,945.621,4616.025,3187.313,19356.279
700,57,16384,29,0,0.0,12,0.000,10537.600,60.230,948.021,4637.954,3185.923,19369.728
700,57,16384,29,0,0.0,13,0.000,10575.161,62.620,945.721,4635.304,3210.053,19428.859
700,57,16384,29,0,0.0,14,0.000,10548.021,61.160,946.561,4632.204,3203.473,19391.419
700,57,16384,29,0,0.0,15,0.000,10496.600,60.780,943.431,4631.874,3309.703,19442.388
700,57,16384,29,0,0.0,16,0.000,10562.980,61.170,996.131,4595.365,3227.583,19443.229
700,57,16384,29,0,0.0,17,0.000,10477.450,59.330,944.871,4750.734,3210.233,19442.618
700,57,16384,29,0,0.0,18,0.000,10494.140,60.990,985.971,4618.144,3239.983,19399.228
700,57,16384,29,0,0.0,19,0.000,10654.910,61.000,938.141,4657.034,3188.763,19499.848
700,57,16384,29,0,0.0,20,0.000,10511.550,58.960,980.671,4601.245,3220.183,19372.609
700,57,16384,29,0,0.0,21,0.000,10643.440,62.520,947.811,4627.355,3212.513,19493.639
700,57,16384,29,0,0.0,22,0.000,10595.840,62.560,946.721,4667.415,3222.993,19495.529
700,57,16384,29,0,0.0,23,0.000,10657.421,61.200,942.530,4636.925,3191.333,19489.409
700,57,16384,29,0,0.0,24,0.000,10586.501,62.390,940.641,4610.284,3223.163,19422.979
700,57,16384,29,0,0.0,25,0.000,10551.020,60.180,999.591,4586.124,3191.873,19388.788
700,57,16384,29,0,0.0,26,0.000,10580.680,61.111,940.430,4627.325,3200.123,19409.669
700,57,16384,29,0,0.0,27,0.000,10577.840,61.190,944.871,4632.634,3224.103,19440.638
700,57,16384,29,0,0.0,28,0.000,10497.140,59.010,941.061,4643.034,3270.103,19410.348
700,57,16384,29,0,0.0,29,0.000,10540.620,59.520,946.911,4632.324,3200.443,19379.818
700,57,16384,29,0,0.0,30,0.000,10538.700,61.121,943.200,4645.995,3187.663,19376.679
750,58,16384,30,0,0.0,1,153.070,10507.860,58.380,996.881,4674.294,3334.853,19572.268
750,58,16384,30,0,0.0,2,0.000,10497.510,60.410,993.391,4684.355,3236.333,19471.999
750,58,16384,30,0,0.0,3,0.000,10542.151,59.700,940.710,4786.785,3244.913,19574.259
750,58,16384,30,0,0.0,4,0.000,10505.480,59.060,982.921,4675.784,3221.133,19444.378
750,58,16384,30,0,0.0,5,0.000,10623.100,62.100,941.701,4720.485,3188.593,19535.979
750,58,16384,30,0,0.0,6,0.000,10594.070,60.650,943.141,4712.764,3221.723,19532.348
750,58,16384,30,0,0.0,7,0.000,10647.360,61.640,982.261,4679.755,3227.333,19598.349
750,58,16384,30,0,0.0,8,0.000,10516.210,59.600,950.051,4710.014,3176.263,19412.138
750,58,16384,30,0,0.0,9,0.000,10560.401,62.270,943.431,4684.494,3308.153,19558.749
750,58,16384,30,0,0.0,10,0.000,10497.950,59.370,942.511,4698.064,3212.843,19410.738
750,58,16384,30,0,0.0,11,0.000,10566.650,62.380,945.281,4720.245,3200.873,19495.429
750,58,16384,30,0,0.0,12,0.000,10531.870,60.290,981.481,4686.455,3228.113,19488.209
750,58,16384,30,0,0.0,13,0.000,10536.760,61.990,943.861,4722.124,3239.834,19504.569
750,58,16384,30,0,0.0,14,0.000,10513.830,60.730,946.721,4717.864,3200.383,19439.528
750,58,16384,30,0,0.0,15,0.000,10479.380,61.290,942.641,4713.034,3226.713,19423.058
750,58,16384,30,0,0.0,16,0.000,10495.980,59.730,1070.991,4688.664,3228.123,19543.488
750,58,16384,30,0,0.0,17,0.000,10578.790,61.330,940.441,4707.674,3207.873,19496.108
750,58,16384,30,0,0.0,18,0.000,10531.370,61.750,947.121,4722.574,3226.354,19489.169
750,58,16384,30,0,0.0,19,0.000,10507.410,59.920,943.931,4708.894,3192.434,19412.589
750,58,16384,30,0,0.0,20,0.000,10524.470,61.591,948.550,4696.565,3228.593,19459.769
750,58,16384,30,0,0.0,21,0.000,10528.540,61.320,944.691,4797.055,3184.913,19516.519
750,58,16384,30,0,0.0,22,0.000,10603.310,60.420,946.991,4698.845,3222.573,19532.139
750,58,16384,30,0,0.0,23,0.000,10589.800,60.820,945.811,4713.184,3195.943,19505.558
750,58,16384,30,0,0.0,24,0.000,10549.810,61.590,941.851,4705.894,3217.693,19476.838
750,58,16384,30,0,0.0,25,0.000,10445.340,59.090,999.611,4667.114,3237.494,19408.649
750,58,16384,30,0,0.0,26,0.000,10648.160,59.820,939.531,4840.554,3194.833,19682.898
750,58,16384,30,0,0.0,27,0.000,10593.560,59.940,940.431,4707.254,3213.694,19514.879
750,58,16384,30,0,0.0,28,0.000,10602.820,61.460,941.581,4708.884,3203.153,19517.898
750,58,16384,30,0,0.0,29,0.000,10527.610,61.280,943.171,4711.184,3192.983,19436.228
750,58,16384,30,0,0.0,30,0.000,10610.620,62.390,981.101,4699.774,3220.183,19574.068
800,58,16384,30,0,0.0,1,152.690,10504.440,61.390,1065.121,4709.015,3251.013,19590.979
800,58,16384,30,0,0.0,2,0.000,10518.480,60.000,989.931,4712.184,3218.733,19499.328
800,58,16384,30,0,0.0,3,0.000,10611.420,59.920,943.851,4697.194,3219.943,19532.328
800,58,16384,30,0,0.0,4,0.000,10483.840,99.710,940.591,4679.764,3221.033,19424.938
800,58,16384,30,0,0.0,5,0.000,10534.820,58.770,992.661,4676.424,3189.223,19451.898
800,58,16384,30,0,0.0,6,0.000,10592.790,62.630,936.941,4693.925,3220.403,19506.689
800,58,16384,30,0,0.0,7,0.000,10510.190,61.470,945.891,4693.525,3225.943,19437.019
800,58,16384,30,0,0.0,8,0.000,10527.600,59.520,944.511,4711.594,3182.653,19425.878
800,58,16384,30,0,0.0,9,0.000,10479.030,61.110,944.161,4689.634,3224.544,19398.479
800,58,16384,30,0,0.0,10,0.000,10482.980,61.190,941.761,4711.725,3188.203,19385.859
800,58,16384,30,0,0.0,11,0.000,10495.150,59.330,1002.091,4663.944,3192.323,19412.838
800,58,16384,30,0,0.0,12,0.000,10513.870,58.061,989.360,4683.375,3317.423,19562.089
800,58,16384,30,0,0.0,13,0.000,10483.760,61.010,946.251,4706.005,3214.683,19411.709
800,58,16384,30,0,0.0,14,0.000,10483.480,59.600,943.031,4812.095,3191.863,19490.069
800,58,16384,30,0,0.0,15,0.000,10451.230,60.570,946.751,4706.435,3210.273,19375.259
800,58,16384,30,0,0.0,16,0.000,10678.860,68.850,944.521,4689.795,3226.703,19608.729
800,58,16384,30,0,0.0,17,0.000,10538.940,60.050,941.861,4711.555,3193.173,19445.579
800,58,16384,30,0,0.0,18,0.000,10688.830,62.730,940.021,4701.075,3210.973,19603.629
800,58,16384,30,0,0.0,19,0.000,10701.320,62.061,984.620,4827.085,3247.123,19822.209
800,58,16384,30,0,0.0,20,0.000,10746.450,64.470,937.951,4688.814,3229.224,19666.909
800,58,16384,30,0,0.0,21,0.000,10485.850,58.540,947.041,4717.594,3189.013,19398.038
800,58,16384,30,0,0.0,22,0.000,10547.040,59.830,941.271,4730.504,3220.753,19499.398
800,58,16384,30,0,0.0,23,0.000,10586.530,61.090,974.041,4667.015,3218.413,19507.089
800,58,16384,30,0,0.0,24,0.000,10609.100,62.120,942.831,4720.415,3205.473,19539.939
800,58,16384,30,0,0.0,25,0.000,10486.780,58.430,980.621,4701.455,3241.843,19469.129
800,58,16384,30,0,0.0,26,0.000,10451.070,59.430,991.501,4675.925,3258.543,19436.469
800,58,16384,30,0,0.0,27,0.000,10504.910,59.650,943.661,4718.945,3183.473,19410.639
800,58,16384,30,0,0.0,28,0.000,10455.830,61.580,941.761,4717.425,3190.663,19367.259
800,58,16384,30,0,0.0,29,0.000,10578.850,60.640,941.641,4718.895,3186.823,19486.849
800,58,16384,30,0,0.0,30,0.000,10634.190,95.960,938.921,4685.205,3302.993,19657.269
850,59,16384,30,0,0.0,1,154.441,10477.680,61.760,943.541,4769.724,3209.283,19461.988
850,59,16384,30,0,0.0,2,0.000,10674.790,69.840,941.001,4776.715,3210.143,19672.489
850,59,16384,30,0,0.0,3,0.000,10572.770,61.330,940.911,4782.025,3177.893,19534.929
850,59,16384,30,0,0.0,4,0.000,10628.320,63.220,942.781,4752.785,3218.893,19605.999
850,59,16384,30,0,0.0,5,0.000,10500.680,61.690,987.871,4764.795,3241.543,19556.579
850,59,16384,30,0,0.0,6,0.000,10576.621,62.480,939.711,4934.244,3207.273,19720.329
850,59,16384,30,0,0.0,7,0.000,10634.420,63.390,944.981,4764.344,3193.653,19600.788
850,59,16384,30,0,0.0,8,0.000,10495.910,62.000,986.741,4770.754,3220.003,19535.408
850,59,16384,30,0,0.0,9,0.000,10541.200,59.230,944.891,4814.535,3209.943,19569.799
850,59,16384,30,0,0.0,10,0.000,10556.181,60.800,946.551,4805.754,3187.703,19556.989
850,59,16384,30,0,0.0,11,0.000,10491.130,58.950,990.951,4749.625,3219.523,19510.179
850,59,16384,30,0,0.0,12,0.000,10616.340,63.230,944.931,4794.785,3224.993,19644.279
850,59,16384,30,0,0.0,13,0.000,10416.000,60.380,944.031,4790.235,3204.503,19415.149
850,59,16384,30,0,0.0,14,0.000,10492.340,61.081,990.290,4761.205,3227.373,19532.289
850,59,16384,30,0,0.0,15,0.000,10619.680,63.371,942.760,4791.275,3181.663,19598.749
850,59,16384,30,0,0.0,16,0.000,10561.161,63.350,941.391,4766.794,3212.453,19545.149
850,59,16384,30,0,0.0,17,0.000,10494.980,59.700,946.261,4814.555,3188.883,19504.379
850,59,16384,30,0,0.0,18,0.000,10661.230,61.800,940.061,4787.935,3215.053,19666.079
850,59,16384,30,0,0.0,19,0.000,10435.950,61.520,995.271,4757.164,3232.054,19481.959
850,59,16384,30,0,0.0,20,0.000,10558.740,61.820,942.581,4787.595,3217.753,19568.489
850,59,16384,30,0,0.0,21,0.000,10492.990,59.870,981.471,4744.195,3234.653,19513.179
850,59,16384,30,0,0.0,22,0.000,10573.000,59.780,947.631,4837.095,3183.543,19601.049
850,59,16384,30,0,0.0,23,0.000,10621.911,63.340,943.051,4751.704,3305.693,19685.699
850,59,16384,30,0,0.0,24,0.000,10560.010,59.350,944.921,4804.154,3188.823,19557.258
850,59,16384,30,0,0.0,25,0.000,10566.611,63.540,938.371,4853.584,3225.723,19647.829
850,59,16384,30,0,0.0,26,0.000,10489.840,60.010,982.221,4770.634,3224.043,19526.748
850,59,16384,30,0,0.0,27,0.000,10639.981,62.080,938.931,4802.254,3180.563,19623.809
850,59,16384,30,0,0.0,28,0.000,10530.770,60.751,946.620,4799.595,3180.833,19518.569
850,59,16384,30,0,0.0,29,0.000,10530.401,62.620,986.021,4752.084,3237.933,19569.059
850,59,16384,30,0,0.0,30,0.000,10531.350,62.580,943.631,4767.474,3205.033,19510.068
900,59,16384,30,0,0.0,1,160.851,10506.720,61.970,942.421,4778.255,3233.033,19522.399
900,59,16384,30,0,0.0,2,0.000,10696.561,63.260,943.031,4772.364,3208.133,19683.349
900,59,16384,30,0,0.0,3,0.000,10563.711,58.580,941.441,4817.144,3187.203,19568.079
900,59,16384,30,0,0.0,4,0.000,10636.890,62.020,941.701,4780.364,3219.643,19640.618
900,59,16384,30,0,0.0,5,0.000,10528.860,60.921,944.460,4770.115,3221.283,19525.639
900,59,16384,30,0,0.0,6,0.000,10469.930,59.700,1003.721,4749.995,3237.873,19521.219
900,59,16384,30,0,0.0,7,0.000,10492.630,60.090,946.021,4783.435,3225.003,19507.179
900,59,16384,30,0,0.0,8,0.000,10680.640,64.200,939.721,4756.745,3213.673,19654.979
900,59,16384,30,0,0.0,9,0.000,10501.501,59.410,945.440,4781.395,3306.913,19594.659
900,59,16384,30,0,0.0,10,0.000,10539.330,60.760,992.061,4742.904,3242.024,19577.079
900,59,16384,30,0,0.0,11,0.000,10630.651,60.920,946.461,4856.904,3226.963,19721.899
900,59,16384,30,0,0.0,12,0.000,10610.820,61.340,949.001,4774.795,3227.213,19623.169
900,59,16384,30,0,0.0,13,0.000,10542.910,59.280,946.791,4890.474,3179.223,19618.678
900,59,16384,30,0,0.0,14,0.000,10553.370,90.340,944.241,4767.284,3206.173,19561.408
900,59,16384,30,0,0.0,15,0.000,10621.810,61.020,985.821,4781.815,3234.733,19685.199
900,59,16384,30,0,0.0,16,0.000,10512.480,61.140,941.621,4790.714,3248.384,19554.339
900,59,16384,30,0,0.0,17,0.000,10640.040,62.870,982.111,4753.734,3226.124,19664.879
900,59,16384,30,0,0.0,18,0.000,10505.180,61.150,946.861,4812.765,3212.013,19537.969
900,59,16384,30,0,0.0,19,0.000,10497.580,63.220,940.811,4770.744,3213.793,19486.148
900,59,16384,30,0,0.0,20,0.000,10558.980,61.010,939.071,4780.134,3206.994,19546.189
900,59,16384,30,0,0.0,21,0.000,10643.210,64.820,946.371,4771.794,3230.474,19656.669
900,59,16384,30,0,0.0,22,0.000,10502.161,61.230,947.670,4893.025,3236.773,19640.859
900,59,16384,30,0,0.0,23,0.000,10557.800,64.480,941.861,4774.635,3209.033,19547.809
900,59,16384,30,0,0.0,24,0.000,10523.330,59.410,943.871,4814.305,3190.683,19531.599
900,59,16384,30,0,0.0,25,0.000,10808.090,62.341,945.490,4763.255,3210.573,19789.749
900,59,16384,30,0,0.0,26,0.000,10517.750,62.290,946.071,4775.285,3221.783,19523.179
900,59,16384,30,0,0.0,27,0.000,10629.380,62.170,984.721,4757.365,3215.153,19648.789
900,59,16384,30,0,0.0,28,0.000,10479.580,58.810,980.771,4757.544,3214.414,19491.119
900,59,16384,30,0,0.0,29,0.000,10511.570,59.920,987.281,4753.684,3214.094,19526.549
900,59,16384,30,0,0.0,30,0.000,10538.980,62.020,942.341,4774.725,3271.393,19589.459
950,60,16384,31,0,0.0,1,147.260,10634.341,61.190,941.990,4861.265,3192.983,19691.769
950,60,16384,31,0,0.0,2,0.000,10567.300,59.080,947.111,4872.915,3224.723,19671.129
950,60,16384,31,0,0.0,3,0.000,10644.090,60.730,980.151,4831.045,3220.143,19736.159
950,60,16384,31,0,0.0,4,0.000,10524.580,59.150,941.951,4854.525,3215.633,19595.839
950,60,16384,31,0,0.0,5,0.000,10526.130,64.250,938.941,4868.275,3212.903,19610.499
950,60,16384,31,0,0.0,6,0.000,10489.411,58.960,984.971,4852.294,3212.653,19598.289
950,60,16384,31,0,0.0,7,0.000,10452.110,62.610,939.960,4959.505,3204.453,19618.638
950,60,16384,31,0,0.0,8,0.000,10535.230,63.391,939.590,4841.725,3242.393,19622.329
950,60,16384,31,0,0.0,9,0.000,10487.650,60.320,945.631,4870.825,3193.143,19557.569
950,60,16384,31,0,0.0,10,0.000,10396.150,60.570,985.481,4841.625,3229.153,19512.979
950,60,16384,31,0,0.0,11,0.000,10656.010,64.100,943.161,4836.365,3200.883,19700.519
950,60,16384,31,0,0.0,12,0.000,10468.230,59.620,947.651,4869.024,3215.643,19560.168
950,60,16384,31,0,0.0,13,0.000,10403.980,59.710,979.681,4838.385,3220.333,19502.089
950,60,16384,31,0,0.0,14,0.000,10544.400,60.801,944.390,4847.115,3231.703,19628.409
950,60,16384,31,0,0.0,15,0.000,10610.481,61.970,946.311,4845.754,3206.183,19670.699
950,60,16384,31,0,0.0,16,0.000,10527.220,61.720,944.711,4871.875,3196.303,19601.829
950,60,16384,31,0,0.0,17,0.000,10491.270,121.060,945.611,4857.465,3217.273,19632.679
950,60,16384,31,0,0.0,18,0.000,10452.260,60.310,943.621,4868.964,3177.333,19502.488
950,60,16384,31,0,0.0,19,0.000,10478.120,60.230,947.681,4857.875,3222.283,19566.189
950,60,16384,31,0,0.0,20,0.000,10464.840,59.500,944.361,4884.065,3192.493,19545.259
950,60,16384,31,0,0.0,21,0.000,10545.810,62.080,947.821,4866.245,3219.073,19641.029
950,60,16384,31,0,0.0,22,0.000,10496.760,61.240,996.891,4940.745,3316.533,19812.169
950,60,16384,31,0,0.0,23,0.000,10566.780,60.191,944.270,4858.175,3254.723,19684.139
950,60,16384,31,0,0.0,24,0.000,10547.770,60.510,1082.421,4840.074,3224.793,19755.568
950,60,16384,31,0,0.0,25,0.000,10783.140,61.240,942.861,4843.415,3181.943,19812.599
950,60,16384,31,0,0.0,26,0.000,10570.851,62.670,941.711,4839.524,3280.233,19694.989
950,60,16384,31,0,0.0,27,0.000,10535.210,60.690,947.811,4853.504,3239.423,19636.638
950,60,16384,31,0,0.0,28,0.000,10584.961,63.190,941.561,4845.054,3221.793,19656.559
950,60,16384,31,0,0.0,29,0.000,10743.831,61.630,941.821,4829.374,3231.673,19808.329
950,60,16384,31,0,0.0,30,0.000,10577.411,61.010,944.711,4870.914,3205.363,19659.409
1000,60,16384,31,0,0.0,1,151.360,10634.720,62.480,944.751,4870.665,3193.783,19706.399
1000,60,16384,31,0,0.0,2,0.000,10457.640,60.570,939.841,4862.085,3288.893,19609.029
1000,60,16384,31,0,0.0,3,0.000,10465.271,62.790,960.220,4851.725,3214.983,19554.989
1000,60,16384,31,0,0.0,4,0.000,10582.381,61.000,944.701,4861.684,3190.723,19640.489
1000,60,16384,31,0,0.0,5,0.000,10650.921,73.870,939.891,4841.054,3212.723,19718.459
1000,60,16384,31,0,0.0,6,0.000,10491.850,61.210,947.781,4863.295,3294.143,19658.279
1000,60,16384,31,0,0.0,7,0.000,10568.240,60.360,942.371,4967.235,3181.883,19720.089
1000,60,16384,31,0,0.0,8,0.000,10575.160,59.640,948.521,4950.675,3222.303,19756.299
1000,60,16384,31,0,0.0,9,0.000,10440.290,61.721,986.470,4832.915,3225.343,19546.739
1000,60,16384,31,0,0.0,10,0.000,10575.050,70.540,940.711,4842.274,3223.764,19652.339
1000,60,16384,31,0,0.0,11,0.000,10490.700,59.680,949.451,4851.775,3210.113,19561.719
1000,60,16384,31,0,0.0,12,0.000,10594.650,62.970,939.081,4868.225,3189.013,19653.939
1000,60,16384,31,0,0.0,13,0.000,10502.440,61.150,980.191,4924.884,3251.873,19720.538
1000,60,16384,31,0,0.0,14,0.000,10865.460,64.600,936.541,4850.625,3209.003,19926.229
1000,60,16384,31,0,0.0,15,0.000,10480.350,62.400,940.841,4857.905,3211.823,19553.319
1000,60,16384,31,0,0.0,16,0.000,10661.011,62.090,942.261,4879.114,3199.833,19744.309
1000,60,16384,31,0,0.0,17,0.000,10670.040,61.300,943.511,4842.455,3244.553,19761.859
1000,60,16384,31,0,0.0,18,0.000,10524.360,61.740,984.361,4835.975,3221.863,19628.299
1000,60,16384,31,0,0.0,19,0.000,10616.970,60.900,941.191,4852.055,3191.033,19662.149
1000,60,16384,31,0,0.0,20,0.000,10523.040,59.320,992.561,4837.894,3223.274,19636.089
1000,60,16384,31,0,0.0,21,0.000,10510.030,60.070,941.891,4879.364,3213.604,19604.959
1000,60,16384,31,0,0.0,22,0.000,10616.360,63.350,945.081,4849.224,3217.153,19691.168
1000,60,16384,31,0,0.0,23,0.000,10487.380,59.120,945.781,4873.445,3213.553,19579.279
1000,60,16384,31,0,0.0,24,0.000,10682.450,66.611,945.770,4853.985,3226.883,19775.699
1000,60,16384,31,0,0.0,25,0.000,10402.720,59.250,945.031,4870.545,3191.083,19468.629
1000,60,16384,31,0,0.0,26,0.000,10569.360,61.270,946.161,4867.545,3228.743,19673.079
1000,60,16384,31,0,0.0,27,0.000,10529.530,62.770,944.341,4848.005,3236.133,19620.779
1000,60,16384,31,0,0.0,28,0.000,10508.370,62.320,948.861,4847.215,3229.253,19596.019
1000,60,16384,31,0,0.0,29,0.000,10604.670,62.260,947.271,4866.565,3314.403,19795.169
1000,60,16384,31,0,0.0,30,0.000,10488.870,59.710,946.601,4910.415,3182.123,19587.719
